,age,community_council_neighborhood,crashseverity,crashseverityid,dayofweek,gender,injuries,latitude_x,lightconditionsprimary,longitude_x,mannerofcrash,roadconditionsprimary,sna_neighborhood,unittype,weather,zip,date,time,day,moon_phase,moon_sign,modality,element,masc_fem,body_part,ruling_planet,hundred_block,road
140,58.0,MOUNT LOOKOUT,2,201904,SAT,0,3,39.128418,1 - DAYLIGHT,-84.429844,2 - REAR-END,01 - DRY,HYDE PARK,01 - PASSENGER CAR,1 - CLEAR,45208,2023-04-08,8:40:00.000,Sat,Waning Gibbous Moon,Scorpio,Fixed,Water,Feminine,Genitals,Pluto,31, LINWOOD AV
141,32.0,WESTWOOD,3,201905,SAT,1,3,39.149257,1 - DAYLIGHT,-84.612492,1 - NOT COLLISION BETWEEN TWO MOTOR VEHICLES IN TRANSPORT,01 - DRY,WESTWOOD,04 - PICK UP,1 - CLEAR,45211,2023-04-08,8:55:00.000,Sat,Waning Gibbous Moon,Scorpio,Fixed,Water,Feminine,Genitals,Pluto,33, GLENMORE AV
142,34.0,MOUNT WASHINGTON,3,201905,SAT,1,3,39.092917,4 - DARK – ROADWAY NOT LIGHTED,-84.394131,"7 - SIDESWIPE, SAME DIRECTION",01 - DRY,MT. WASHINGTON,01 - PASSENGER CAR,1 - CLEAR,45230,2023-04-08,0:01:00.000,Sat,Waning Gibbous Moon,Scorpio,Fixed,Water,Feminine,Genitals,Pluto,12, MEADOWBRIGHT LN
143,34.0,COLLEGE HILL,3,201905,SAT,1,3,39.208231,3 - DARK - LIGHTED ROADWAY,-84.531506,1 - NOT COLLISION BETWEEN TWO MOTOR VEHICLES IN TRANSPORT,01 - DRY,COLLEGE HILL,01 - PASSENGER CAR,1 - CLEAR,45224,2023-04-08,4:40:00.000,Sat,Waning Gibbous Moon,Scorpio,Fixed,Water,Feminine,Genitals,Pluto,65, DALY RD
144,34.0,MOUNT AUBURN,1,201903,SAT,0,1,39.120931,3 - DARK - LIGHTED ROADWAY,-84.516808,1 - NOT COLLISION BETWEEN TWO MOTOR VEHICLES IN TRANSPORT,01 - DRY,MT. AUBURN,04 - PICK UP,1 - CLEAR,45202,2023-04-08,4:41:00.000,Sat,Waning Gibbous Moon,Scorpio,Fixed,Water,Feminine,Genitals,Pluto,21, VINE ST
145,48.0,MOUNT AUBURN,1,201903,SAT,1,1,39.120151,3 - DARK - LIGHTED ROADWAY,-84.515898,1 - NOT COLLISION BETWEEN TWO MOTOR VEHICLES IN TRANSPORT,01 - DRY,MT. AUBURN,04 - PICK UP,1 - CLEAR,45202,2023-04-08,4:41:00.000,Sat,Waning Gibbous Moon,Scorpio,Fixed,Water,Feminine,Genitals,Pluto,21, VINE ST
146,36.0,BOND HILL,3,201905,SAT,0,3,39.184887,3 - DARK - LIGHTED ROADWAY,-84.483337,"7 - SIDESWIPE, SAME DIRECTION",01 - DRY,BOND HILL,01 - PASSENGER CAR,1 - CLEAR,45216,2023-04-08,4:03:00.000,Sat,Waning Gibbous Moon,Scorpio,Fixed,Water,Feminine,Genitals,Pluto,N I75 AT 8-2 MM,N I75 AT 8-2 MM
147,37.0,BOND HILL,3,201905,SAT,1,3,39.184567,3 - DARK - LIGHTED ROADWAY,-84.482647,"7 - SIDESWIPE, SAME DIRECTION",01 - DRY,BOND HILL,03 - SPORT UTILITY VEHICLE,1 - CLEAR,45216,2023-04-08,4:03:00.000,Sat,Waning Gibbous Moon,Scorpio,Fixed,Water,Feminine,Genitals,Pluto,N I75 AT 8-2 MM,N I75 AT 8-2 MM
148,23.0,DOWNTOWN,3,201905,SAT,1,3,39.103281,3 - DARK - LIGHTED ROADWAY,-84.512831,1 - NOT COLLISION BETWEEN TWO MOTOR VEHICLES IN TRANSPORT,01 - DRY,DOWNTOWN,01 - PASSENGER CAR,1 - CLEAR,45223,2023-04-08,3:15:00.000,Sat,Waning Gibbous Moon,Scorpio,Fixed,Water,Feminine,Genitals,Pluto,45, COLERAIN AV
149,37.0,EAST PRICE HILL,3,201905,SAT,1,3,39.104962,3 - DARK - LIGHTED ROADWAY,-84.565617,1 - NOT COLLISION BETWEEN TWO MOTOR VEHICLES IN TRANSPORT,01 - DRY,EAST PRICE HILL,03 - SPORT UTILITY VEHICLE,1 - CLEAR,45205,2023-04-08,2:48:00.000,Sat,Waning Gibbous Moon,Scorpio,Fixed,Water,Feminine,Genitals,Pluto,7, ELBERON AV
150,41.0,WEST PRICE HILL,2,201904,SAT,1,2,39.110921,4 - DARK – ROADWAY NOT LIGHTED,-84.599201,2 - REAR-END,01 - DRY,WEST PRICE HILL,01 - PASSENGER CAR,1 - CLEAR,45238,2023-04-08,2:44:00.000,Sat,Waning Gibbous Moon,Scorpio,Fixed,Water,Feminine,Genitals,Pluto,8, PEDRETTI AV
151,34.0,WEST PRICE HILL,2,201904,SAT,1,3,39.110221,4 - DARK – ROADWAY NOT LIGHTED,-84.599651,2 - REAR-END,01 - DRY,WEST PRICE HILL,99 - UNKNOWN OR HIT/SKIP,1 - CLEAR,45238,2023-04-08,2:44:00.000,Sat,Waning Gibbous Moon,Scorpio,Fixed,Water,Feminine,Genitals,Pluto,8, PEDRETTI AV
152,41.0,WEST PRICE HILL,2,201904,SAT,1,3,39.110681,4 - DARK – ROADWAY NOT LIGHTED,-84.598821,2 - REAR-END,01 - DRY,WEST PRICE HILL,01 - PASSENGER CAR,1 - CLEAR,45238,2023-04-08,2:44:00.000,Sat,Waning Gibbous Moon,Scorpio,Fixed,Water,Feminine,Genitals,Pluto,8, PEDRETTI AV
153,34.0,NORTHSIDE,1,201903,SAT,0,1,39.160677,3 - DARK - LIGHTED ROADWAY,-84.528671,1 - NOT COLLISION BETWEEN TWO MOTOR VEHICLES IN TRANSPORT,01 - DRY,NORTHSIDE,01 - PASSENGER CAR,1 - CLEAR,45223,2023-04-08,2:12:00.000,Sat,Waning Gibbous Moon,Scorpio,Fixed,Water,Feminine,Genitals,Pluto,43, CRAWFORD AV
154,36.0,CUF - HEIGHTS,3,201905,SAT,1,3,39.127531,3 - DARK - LIGHTED ROADWAY,-84.516886,"8 - SIDESWIPE, OPPOSITE DIRECTION",01 - DRY,CUF,01 - PASSENGER CAR,1 - CLEAR,45219,2023-04-08,0:53:00.000,Sat,Waning Gibbous Moon,Scorpio,Fixed,Water,Feminine,Genitals,Pluto,25, S MARKET ST
155,34.0,CUF - HEIGHTS,3,201905,SAT,1,3,39.127451,3 - DARK - LIGHTED ROADWAY,-84.516256,"8 - SIDESWIPE, OPPOSITE DIRECTION",01 - DRY,CUF,01 - PASSENGER CAR,1 - CLEAR,45219,2023-04-08,0:53:00.000,Sat,Waning Gibbous Moon,Scorpio,Fixed,Water,Feminine,Genitals,Pluto,25, S MARKET ST
156,52.0,QUEENSGATE,3,201905,SAT,1,3,39.103369,3 - DARK - LIGHTED ROADWAY,-84.529971,"7 - SIDESWIPE, SAME DIRECTION",01 - DRY,QUEENSGATE,03 - SPORT UTILITY VEHICLE,1 - CLEAR,45203,2023-04-08,0:55:00.000,Sat,Waning Gibbous Moon,Scorpio,Fixed,Water,Feminine,Genitals,Pluto,7, LINN ST
157,24.0,QUEENSGATE,3,201905,SAT,1,3,39.103379,3 - DARK - LIGHTED ROADWAY,-84.529661,"7 - SIDESWIPE, SAME DIRECTION",01 - DRY,QUEENSGATE,03 - SPORT UTILITY VEHICLE,1 - CLEAR,45203,2023-04-08,0:55:00.000,Sat,Waning Gibbous Moon,Scorpio,Fixed,Water,Feminine,Genitals,Pluto,7, LINN ST
158,34.0,CLIFTON,3,201905,SAT,1,3,39.143991,3 - DARK - LIGHTED ROADWAY,-84.519331,6 - ANGLE,01 - DRY,CLIFTON,01 - PASSENGER CAR,1 - CLEAR,45220,2023-04-08,0:30:00.000,Sat,Waning Gibbous Moon,Scorpio,Fixed,Water,Feminine,Genitals,Pluto,3, LUDLOW AV
159,34.0,WESTWOOD,3,201905,FRI,1,3,39.135146,3 - DARK - LIGHTED ROADWAY,-84.600932,1 - NOT COLLISION BETWEEN TWO MOTOR VEHICLES IN TRANSPORT,01 - DRY,WESTWOOD,04 - PICK UP,1 - CLEAR,45238,2023-04-07,3:51:00.000,Fri,Waning Gibbous Moon,Scorpio,Fixed,Water,Feminine,Genitals,Pluto,30, QUEEN CITY AV
160,31.0,AVONDALE,3,201905,FRI,0,3,39.134431,4 - DARK – ROADWAY NOT LIGHTED,-84.497781,2 - REAR-END,01 - DRY,AVONDALE,01 - PASSENGER CAR,1 - CLEAR,45206,2023-04-07,3:27:00.000,Fri,Waning Gibbous Moon,Scorpio,Fixed,Water,Feminine,Genitals,Pluto,30, READING RD
161,32.0,AVONDALE,3,201905,FRI,0,3,39.134621,4 - DARK – ROADWAY NOT LIGHTED,-84.497941,2 - REAR-END,01 - DRY,AVONDALE,01 - PASSENGER CAR,1 - CLEAR,45206,2023-04-07,3:27:00.000,Fri,Waning Gibbous Moon,Scorpio,Fixed,Water,Feminine,Genitals,Pluto,30, READING RD
162,26.0,CLIFTON,3,201905,FRI,1,3,39.141141,3 - DARK - LIGHTED ROADWAY,-84.513377,6 - ANGLE,01 - DRY,CLIFTON,01 - PASSENGER CAR,1 - CLEAR,45220,2023-04-07,3:20:00.000,Fri,Waning Gibbous Moon,Scorpio,Fixed,Water,Feminine,Genitals,Pluto,33, JEFFERSON AV
163,18.0,CLIFTON,3,201905,FRI,1,3,39.140321,3 - DARK - LIGHTED ROADWAY,-84.513297,6 - ANGLE,01 - DRY,CLIFTON,01 - PASSENGER CAR,1 - CLEAR,45220,2023-04-07,3:20:00.000,Fri,Waning Gibbous Moon,Scorpio,Fixed,Water,Feminine,Genitals,Pluto,33, JEFFERSON AV
164,34.0,OTR,3,201905,FRI,1,3,39.108301,3 - DARK - LIGHTED ROADWAY,-84.518171,5 - BACKING,01 - DRY,OVER-THE-RHINE,01 - PASSENGER CAR,1 - CLEAR,45202,2023-04-07,0:56:00.000,Fri,Waning Gibbous Moon,Scorpio,Fixed,Water,Feminine,Genitals,Pluto,2, W 12TH ST
165,35.0,OTR,3,201905,FRI,1,3,39.108191,3 - DARK - LIGHTED ROADWAY,-84.518821,5 - BACKING,01 - DRY,OVER-THE-RHINE,01 - PASSENGER CAR,1 - CLEAR,45202,2023-04-07,0:56:00.000,Fri,Waning Gibbous Moon,Scorpio,Fixed,Water,Feminine,Genitals,Pluto,2, W 12TH ST
166,45.0,ROSELAWN,2,201904,FRI,0,2,39.191895,1 - DAYLIGHT,-84.461973,2 - REAR-END,01 - DRY,ROSELAWN,01 - PASSENGER CAR,1 - CLEAR,45237,2023-04-07,9:40:00.000,Fri,Waning Gibbous Moon,Scorpio,Fixed,Water,Feminine,Genitals,Pluto,71, READING RD
167,34.0,ROSELAWN,2,201904,FRI,1,3,39.191925,1 - DAYLIGHT,-84.460823,2 - REAR-END,01 - DRY,ROSELAWN,01 - PASSENGER CAR,1 - CLEAR,45237,2023-04-07,9:40:00.000,Fri,Waning Gibbous Moon,Scorpio,Fixed,Water,Feminine,Genitals,Pluto,71, READING RD
168,24.0,EAST PRICE HILL,3,201905,FRI,1,3,39.102281,3 - DARK - LIGHTED ROADWAY,-84.566261,6 - ANGLE,01 - DRY,EAST PRICE HILL,01 - PASSENGER CAR,1 - CLEAR,45205,2023-04-07,2:02:00.000,Fri,Waning Gibbous Moon,Scorpio,Fixed,Water,Feminine,Genitals,Pluto,5, ELBERON AV
169,65.0,EAST PRICE HILL,3,201905,FRI,0,3,39.102621,3 - DARK - LIGHTED ROADWAY,-84.566661,6 - ANGLE,01 - DRY,EAST PRICE HILL,01 - PASSENGER CAR,1 - CLEAR,45205,2023-04-07,2:02:00.000,Fri,Waning Gibbous Moon,Scorpio,Fixed,Water,Feminine,Genitals,Pluto,5, ELBERON AV
170,64.0,WEST END,3,201905,FRI,1,3,39.113557,3 - DARK - LIGHTED ROADWAY,-84.523011,1 - NOT COLLISION BETWEEN TWO MOTOR VEHICLES IN TRANSPORT,01 - DRY,WEST END,03 - SPORT UTILITY VEHICLE,1 - CLEAR,45214,2023-04-07,1:40:00.000,Fri,Waning Gibbous Moon,Scorpio,Fixed,Water,Feminine,Genitals,Pluto,1, E CENTRAL PARKWAY
171,36.0,WEST END,3,201905,FRI,1,3,39.114187,3 - DARK - LIGHTED ROADWAY,-84.522801,1 - NOT COLLISION BETWEEN TWO MOTOR VEHICLES IN TRANSPORT,01 - DRY,WEST END,03 - SPORT UTILITY VEHICLE,1 - CLEAR,45214,2023-04-07,1:40:00.000,Fri,Waning Gibbous Moon,Scorpio,Fixed,Water,Feminine,Genitals,Pluto,1, E CENTRAL PARKWAY
172,36.0,OTR,0,201902,FRI,1,0,39.115444,3 - DARK - LIGHTED ROADWAY,-84.522091,1 - NOT COLLISION BETWEEN TWO MOTOR VEHICLES IN TRANSPORT,01 - DRY,OVER-THE-RHINE,23 - PEDESTRIAN/SKATER,1 - CLEAR,45204,2023-04-07,1:30:00.000,Fri,Waning Gibbous Moon,Scorpio,Fixed,Water,Feminine,Genitals,Pluto,17, CENTRAL PARKWAY
173,57.0,OTR,0,201902,FRI,1,3,39.116514,3 - DARK - LIGHTED ROADWAY,-84.522391,1 - NOT COLLISION BETWEEN TWO MOTOR VEHICLES IN TRANSPORT,01 - DRY,OVER-THE-RHINE,01 - PASSENGER CAR,1 - CLEAR,45204,2023-04-07,1:30:00.000,Fri,Waning Gibbous Moon,Scorpio,Fixed,Water,Feminine,Genitals,Pluto,17, CENTRAL PARKWAY
174,45.0,OTR,3,201905,FRI,1,3,39.115866,3 - DARK - LIGHTED ROADWAY,-84.517199,2 - REAR-END,01 - DRY,OVER-THE-RHINE,01 - PASSENGER CAR,1 - CLEAR,45202,2023-04-07,1:10:00.000,Fri,Waning Gibbous Moon,Scorpio,Fixed,Water,Feminine,Genitals,Pluto,18, VINE ST
175,34.0,OTR,3,201905,FRI,0,3,39.115266,3 - DARK - LIGHTED ROADWAY,-84.516679,2 - REAR-END,01 - DRY,OVER-THE-RHINE,03 - SPORT UTILITY VEHICLE,1 - CLEAR,45202,2023-04-07,1:10:00.000,Fri,Waning Gibbous Moon,Scorpio,Fixed,Water,Feminine,Genitals,Pluto,18, VINE ST
176,34.0,EAST END,3,201905,FRI,1,3,39.097911,3 - DARK - LIGHTED ROADWAY,-84.429581,9 - UNKNOWN,01 - DRY,LINWOOD,99 - UNKNOWN OR HIT/SKIP,1 - CLEAR,45226,2023-04-07,1:00:00.000,Fri,Waning Gibbous Moon,Scorpio,Fixed,Water,Feminine,Genitals,Pluto,44, KELLOGG AV
177,46.0,EAST END,3,201905,FRI,0,3,39.097441,3 - DARK - LIGHTED ROADWAY,-84.429531,9 - UNKNOWN,01 - DRY,LINWOOD,03 - SPORT UTILITY VEHICLE,1 - CLEAR,45226,2023-04-07,1:00:00.000,Fri,Waning Gibbous Moon,Scorpio,Fixed,Water,Feminine,Genitals,Pluto,44, KELLOGG AV
178,73.0,DOWNTOWN,3,201905,FRI,1,3,39.100631,2 - DUSK,-84.515162,1 - NOT COLLISION BETWEEN TWO MOTOR VEHICLES IN TRANSPORT,01 - DRY,DOWNTOWN,01 - PASSENGER CAR,2 - CLOUDY,45202,2023-04-07,9:20:00.000,Fri,Waning Gibbous Moon,Scorpio,Fixed,Water,Feminine,Genitals,Pluto,1, W 4TH ST
179,73.0,DOWNTOWN,3,201905,FRI,1,3,39.100361,2 - DUSK,-84.515042,1 - NOT COLLISION BETWEEN TWO MOTOR VEHICLES IN TRANSPORT,01 - DRY,DOWNTOWN,01 - PASSENGER CAR,2 - CLOUDY,45202,2023-04-07,9:20:00.000,Fri,Waning Gibbous Moon,Scorpio,Fixed,Water,Feminine,Genitals,Pluto,1, W 4TH ST
180,34.0,CORRYVILLE,3,201905,FRI,1,3,39.130521,1 - DAYLIGHT,-84.50895,6 - ANGLE,01 - DRY,CORRYVILLE,01 - PASSENGER CAR,1 - CLEAR,45229,2023-04-07,9:05:00.000,Fri,Waning Gibbous Moon,Scorpio,Fixed,Water,Feminine,Genitals,Pluto,27, SHORT VINE ST
181,22.0,CORRYVILLE,3,201905,FRI,0,3,39.132141,1 - DAYLIGHT,-84.50794,6 - ANGLE,01 - DRY,CORRYVILLE,01 - PASSENGER CAR,1 - CLEAR,45229,2023-04-07,9:05:00.000,Fri,Waning Gibbous Moon,Scorpio,Fixed,Water,Feminine,Genitals,Pluto,27, SHORT VINE ST
182,29.0,OAKLEY,3,201905,FRI,0,3,39.164836,1 - DAYLIGHT,-84.424021,2 - REAR-END,01 - DRY,OAKLEY,01 - PASSENGER CAR,1 - CLEAR,45209,2023-04-07,8:55:00.000,Fri,Waning Gibbous Moon,Scorpio,Fixed,Water,Feminine,Genitals,Pluto,50, RIDGE AV
183,70.0,OAKLEY,3,201905,FRI,1,3,39.163386,1 - DAYLIGHT,-84.423851,2 - REAR-END,01 - DRY,OAKLEY,03 - SPORT UTILITY VEHICLE,1 - CLEAR,45209,2023-04-07,8:55:00.000,Fri,Waning Gibbous Moon,Scorpio,Fixed,Water,Feminine,Genitals,Pluto,50, RIDGE AV
184,24.0,CUF - HEIGHTS,3,201905,FRI,0,3,39.127461,3 - DARK - LIGHTED ROADWAY,-84.516971,2 - REAR-END,02 - WET,CUF,01 - PASSENGER CAR,4 - RAIN,45221,2023-03-10,0:00:00.000,Fri,Waning Gibbous Moon,Libra,Cardinal,Air,Masculine,Skin,Venus,2, CALHOUN ST
185,46.0,CUF - HEIGHTS,3,201905,FRI,0,3,39.127821,3 - DARK - LIGHTED ROADWAY,-84.515261,2 - REAR-END,02 - WET,CUF,01 - PASSENGER CAR,4 - RAIN,45221,2023-03-10,0:00:00.000,Fri,Waning Gibbous Moon,Libra,Cardinal,Air,Masculine,Skin,Venus,2, CALHOUN ST
186,21.0,CUF - HEIGHTS,3,201905,FRI,1,3,39.128601,3 - DARK - LIGHTED ROADWAY,-84.516191,2 - REAR-END,02 - WET,CUF,03 - SPORT UTILITY VEHICLE,4 - RAIN,45221,2023-03-10,0:00:00.000,Fri,Waning Gibbous Moon,Libra,Cardinal,Air,Masculine,Skin,Venus,2, CALHOUN ST
187,70.0,WEST PRICE HILL,3,201905,FRI,1,3,39.106368,1 - DAYLIGHT,-84.588935,2 - REAR-END,01 - DRY,WEST PRICE HILL,01 - PASSENGER CAR,1 - CLEAR,45205,2023-04-07,7:35:00.000,Fri,Waning Gibbous Moon,Scorpio,Fixed,Water,Feminine,Genitals,Pluto,7, TRENTON AV
188,16.0,WEST END,1,201903,FRI,1,3,39.119376,1 - DAYLIGHT,-84.536101,6 - ANGLE,02 - WET,QUEENSGATE,01 - PASSENGER CAR,4 - RAIN,45202,2023-04-21,7:46:00.000,Fri,Waxing Crescent Moon,Taurus,Fixed,Earth,Feminine,Neck,Venus,S I75 AT 2-1 MM,S I75 AT 2-1 MM
189,27.0,WEST END,1,201903,FRI,0,1,39.118826,1 - DAYLIGHT,-84.535251,6 - ANGLE,02 - WET,QUEENSGATE,01 - PASSENGER CAR,4 - RAIN,45202,2023-04-21,7:46:00.000,Fri,Waxing Crescent Moon,Taurus,Fixed,Earth,Feminine,Neck,Venus,S I75 AT 2-1 MM,S I75 AT 2-1 MM
190,54.0,WEST END,1,201903,FRI,0,3,39.118106,1 - DAYLIGHT,-84.535481,6 - ANGLE,02 - WET,QUEENSGATE,01 - PASSENGER CAR,4 - RAIN,45202,2023-04-21,7:46:00.000,Fri,Waxing Crescent Moon,Taurus,Fixed,Earth,Feminine,Neck,Venus,S I75 AT 2-1 MM,S I75 AT 2-1 MM
191,33.0,WEST END,1,201903,FRI,1,3,39.117806,1 - DAYLIGHT,-84.535081,6 - ANGLE,02 - WET,QUEENSGATE,01 - PASSENGER CAR,4 - RAIN,45202,2023-04-21,7:46:00.000,Fri,Waxing Crescent Moon,Taurus,Fixed,Earth,Feminine,Neck,Venus,S I75 AT 2-1 MM,S I75 AT 2-1 MM
192,40.0,DOWNTOWN,3,201905,FRI,1,3,39.099091,1 - DAYLIGHT,-84.509874,4 - REAR-TO-REAR,02 - WET,DOWNTOWN,01 - PASSENGER CAR,2 - CLOUDY,45202,2023-04-21,7:25:00.000,Fri,Waxing Crescent Moon,Taurus,Fixed,Earth,Feminine,Neck,Venus,S I71 AT 1-0 MM,S I71 AT 1-0 MM
193,70.0,DOWNTOWN,3,201905,FRI,1,3,39.097841,1 - DAYLIGHT,-84.509814,4 - REAR-TO-REAR,02 - WET,DOWNTOWN,04 - PICK UP,2 - CLOUDY,45202,2023-04-21,7:25:00.000,Fri,Waxing Crescent Moon,Taurus,Fixed,Earth,Feminine,Neck,Venus,S I71 AT 1-0 MM,S I71 AT 1-0 MM
194,21.0,DOWNTOWN,3,201905,FRI,1,3,39.098721,1 - DAYLIGHT,-84.510044,4 - REAR-TO-REAR,02 - WET,DOWNTOWN,03 - SPORT UTILITY VEHICLE,2 - CLOUDY,45202,2023-04-21,7:25:00.000,Fri,Waxing Crescent Moon,Taurus,Fixed,Earth,Feminine,Neck,Venus,S I71 AT 1-0 MM,S I71 AT 1-0 MM
195,32.0,DOWNTOWN,3,201905,FRI,1,3,39.097713,1 - DAYLIGHT,-84.513471,2 - REAR-END,02 - WET,DOWNTOWN,01 - PASSENGER CAR,4 - RAIN,45202,2023-04-21,7:22:00.000,Fri,Waxing Crescent Moon,Taurus,Fixed,Earth,Feminine,Neck,Venus,S I71 AT 0-8 MM,S I71 AT 0-8 MM
196,52.0,DOWNTOWN,3,201905,FRI,0,3,39.097423,1 - DAYLIGHT,-84.512341,2 - REAR-END,02 - WET,DOWNTOWN,03 - SPORT UTILITY VEHICLE,4 - RAIN,45202,2023-04-21,7:22:00.000,Fri,Waxing Crescent Moon,Taurus,Fixed,Earth,Feminine,Neck,Venus,S I71 AT 0-8 MM,S I71 AT 0-8 MM
197,29.0,DOWNTOWN,3,201905,FRI,0,3,39.097783,1 - DAYLIGHT,-84.513931,2 - REAR-END,02 - WET,DOWNTOWN,01 - PASSENGER CAR,4 - RAIN,45202,2023-04-21,7:22:00.000,Fri,Waxing Crescent Moon,Taurus,Fixed,Earth,Feminine,Neck,Venus,S I71 AT 0-8 MM,S I71 AT 0-8 MM
198,61.0,AVONDALE,3,201905,FRI,0,3,39.135269,1 - DAYLIGHT,-84.496105,6 - ANGLE,02 - WET,AVONDALE,01 - PASSENGER CAR,4 - RAIN,45219,2023-04-21,7:20:00.000,Fri,Waxing Crescent Moon,Taurus,Fixed,Earth,Feminine,Neck,Venus,5, E KING DR
199,24.0,AVONDALE,3,201905,FRI,0,3,39.134949,1 - DAYLIGHT,-84.496315,6 - ANGLE,02 - WET,AVONDALE,01 - PASSENGER CAR,4 - RAIN,45219,2023-04-21,7:20:00.000,Fri,Waxing Crescent Moon,Taurus,Fixed,Earth,Feminine,Neck,Venus,5, E KING DR
200,41.0,DOWNTOWN,3,201905,FRI,0,3,39.101888,1 - DAYLIGHT,-84.513123,"7 - SIDESWIPE, SAME DIRECTION",02 - WET,DOWNTOWN,01 - PASSENGER CAR,4 - RAIN,45202,2023-04-21,6:55:00.000,Fri,Waxing Crescent Moon,Taurus,Fixed,Earth,Feminine,Neck,Venus,0, E 5TH ST
201,71.0,DOWNTOWN,3,201905,FRI,1,3,39.100338,1 - DAYLIGHT,-84.513133,"7 - SIDESWIPE, SAME DIRECTION",02 - WET,DOWNTOWN,01 - PASSENGER CAR,4 - RAIN,45202,2023-04-21,6:55:00.000,Fri,Waxing Crescent Moon,Taurus,Fixed,Earth,Feminine,Neck,Venus,0, E 5TH ST
202,22.0,CLIFTON,3,201905,FRI,0,3,39.143781,1 - DAYLIGHT,-84.518451,"7 - SIDESWIPE, SAME DIRECTION",02 - WET,CLIFTON,03 - SPORT UTILITY VEHICLE,4 - RAIN,45220,2023-04-21,6:55:00.000,Fri,Waxing Crescent Moon,Taurus,Fixed,Earth,Feminine,Neck,Venus,34, CLIFTON AV
203,20.0,CLIFTON,3,201905,FRI,0,3,39.144211,1 - DAYLIGHT,-84.520211,"7 - SIDESWIPE, SAME DIRECTION",02 - WET,CLIFTON,03 - SPORT UTILITY VEHICLE,4 - RAIN,45220,2023-04-21,6:55:00.000,Fri,Waxing Crescent Moon,Taurus,Fixed,Earth,Feminine,Neck,Venus,34, CLIFTON AV
204,22.0,CLIFTON,3,201905,FRI,0,3,39.142701,1 - DAYLIGHT,-84.518761,"7 - SIDESWIPE, SAME DIRECTION",02 - WET,CLIFTON,01 - PASSENGER CAR,4 - RAIN,45220,2023-04-21,6:55:00.000,Fri,Waxing Crescent Moon,Taurus,Fixed,Earth,Feminine,Neck,Venus,34, CLIFTON AV
205,20.0,CLIFTON,3,201905,FRI,0,3,39.144561,1 - DAYLIGHT,-84.519331,"7 - SIDESWIPE, SAME DIRECTION",02 - WET,CLIFTON,03 - SPORT UTILITY VEHICLE,4 - RAIN,45220,2023-04-21,6:55:00.000,Fri,Waxing Crescent Moon,Taurus,Fixed,Earth,Feminine,Neck,Venus,34, CLIFTON AV
206,59.0,WEST END,3,201905,FRI,0,3,39.119219,1 - DAYLIGHT,-84.535762,2 - REAR-END,02 - WET,WEST END,01 - PASSENGER CAR,4 - RAIN,45225,2023-04-21,6:35:00.000,Fri,Waxing Crescent Moon,Taurus,Fixed,Earth,Feminine,Neck,Venus,N I75 AT 3-0 MM,N I75 AT 3-0 MM
207,34.0,WEST END,3,201905,FRI,1,3,39.118469,1 - DAYLIGHT,-84.534692,2 - REAR-END,02 - WET,WEST END,01 - PASSENGER CAR,4 - RAIN,45225,2023-04-21,6:35:00.000,Fri,Waxing Crescent Moon,Taurus,Fixed,Earth,Feminine,Neck,Venus,N I75 AT 3-0 MM,N I75 AT 3-0 MM
208,34.0,PADDOCK HILLS,3,201905,FRI,1,3,39.164441,1 - DAYLIGHT,-84.471218,"7 - SIDESWIPE, SAME DIRECTION",01 - DRY,NORTH AVONDALE - PADDOCK HILLS,04 - PICK UP,1 - CLEAR,45229,2023-04-21,5:45:00.000,Fri,Waxing Crescent Moon,Taurus,Fixed,Earth,Feminine,Neck,Venus,43, READING RD