,age,community_council_neighborhood,crashseverity,crashseverityid,dayofweek,gender,injuries,latitude_x,lightconditionsprimary,longitude_x,mannerofcrash,roadconditionsprimary,sna_neighborhood,unittype,weather,zip,date,time,day,moon_phase,moon_sign,modality,element,masc_fem,body_part,ruling_planet,hundred_block,road
209,43.0,PADDOCK HILLS,3,201905,FRI,1,3,39.164201,1 - DAYLIGHT,-84.472638,"7 - SIDESWIPE, SAME DIRECTION",01 - DRY,NORTH AVONDALE - PADDOCK HILLS,01 - PASSENGER CAR,1 - CLEAR,45229,2023-04-21,5:45:00.000,Fri,Waxing Crescent Moon,Taurus,Fixed,Earth,Feminine,Neck,Venus,43, READING RD
210,34.0,MOUNT AIRY,3,201905,FRI,1,3,39.190518,1 - DAYLIGHT,-84.568673,6 - ANGLE,02 - WET,MT. AIRY,23 - PEDESTRIAN/SKATER,4 - RAIN,45223,2023-04-21,6:29:00.000,Fri,Waxing Crescent Moon,Taurus,Fixed,Earth,Feminine,Neck,Venus,54, COLERAIN AV
211,65.0,MOUNT AIRY,3,201905,FRI,0,3,39.190638,1 - DAYLIGHT,-84.570053,6 - ANGLE,02 - WET,MT. AIRY,03 - SPORT UTILITY VEHICLE,4 - RAIN,45223,2023-04-21,6:29:00.000,Fri,Waxing Crescent Moon,Taurus,Fixed,Earth,Feminine,Neck,Venus,54, COLERAIN AV
212,42.0,MOUNT AIRY,3,201905,FRI,0,3,39.188938,1 - DAYLIGHT,-84.569483,6 - ANGLE,02 - WET,MT. AIRY,02 - PASSENGER VAN (MINIVAN),4 - RAIN,45223,2023-04-21,6:29:00.000,Fri,Waxing Crescent Moon,Taurus,Fixed,Earth,Feminine,Neck,Venus,54, COLERAIN AV
213,34.0,COLLEGE HILL,2,201904,FRI,0,3,39.201742,1 - DAYLIGHT,-84.543521,2 - REAR-END,02 - WET,COLLEGE HILL,01 - PASSENGER CAR,4 - RAIN,45224,2023-04-21,6:26:00.000,Fri,Waxing Crescent Moon,Taurus,Fixed,Earth,Feminine,Neck,Venus,14, W NORTH BEND RD
214,64.0,COLLEGE HILL,2,201904,FRI,1,2,39.202582,1 - DAYLIGHT,-84.543041,2 - REAR-END,02 - WET,COLLEGE HILL,01 - PASSENGER CAR,4 - RAIN,45224,2023-04-21,6:26:00.000,Fri,Waxing Crescent Moon,Taurus,Fixed,Earth,Feminine,Neck,Venus,14, W NORTH BEND RD
215,18.0,BOND HILL,3,201905,FRI,1,3,39.184044,1 - DAYLIGHT,-84.483433,2 - REAR-END,02 - WET,BOND HILL,01 - PASSENGER CAR,2 - CLOUDY,45237,2023-04-21,5:23:00.000,Fri,Waxing Crescent Moon,Taurus,Fixed,Earth,Feminine,Neck,Venus,N I75 AT 8-4 MM,N I75 AT 8-4 MM
216,68.0,BOND HILL,3,201905,FRI,0,3,39.183284,1 - DAYLIGHT,-84.484103,2 - REAR-END,02 - WET,BOND HILL,01 - PASSENGER CAR,2 - CLOUDY,45237,2023-04-21,5:23:00.000,Fri,Waxing Crescent Moon,Taurus,Fixed,Earth,Feminine,Neck,Venus,N I75 AT 8-4 MM,N I75 AT 8-4 MM
217,68.0,WESTWOOD,2,201904,FRI,0,3,39.139233,1 - DAYLIGHT,-84.605596,2 - REAR-END,02 - WET,WESTWOOD,01 - PASSENGER CAR,2 - CLOUDY,45211,2023-04-21,5:33:00.000,Fri,Waxing Crescent Moon,Taurus,Fixed,Earth,Feminine,Neck,Venus,30, BOUDINOT AV
218,54.0,WESTWOOD,2,201904,FRI,0,2,39.139163,1 - DAYLIGHT,-84.605426,2 - REAR-END,02 - WET,WESTWOOD,01 - PASSENGER CAR,2 - CLOUDY,45211,2023-04-21,5:33:00.000,Fri,Waxing Crescent Moon,Taurus,Fixed,Earth,Feminine,Neck,Venus,30, BOUDINOT AV
219,28.0,CUF,3,201905,FRI,1,3,39.139755,1 - DAYLIGHT,-84.520818,2 - REAR-END,02 - WET,CUF,01 - PASSENGER CAR,1 - CLEAR,45232,2023-04-21,5:45:00.000,Fri,Waxing Crescent Moon,Taurus,Fixed,Earth,Feminine,Neck,Venus,56, WINTON RD
220,44.0,CUF,3,201905,FRI,1,3,39.139545,1 - DAYLIGHT,-84.520348,2 - REAR-END,02 - WET,CUF,04 - PICK UP,1 - CLEAR,45232,2023-04-21,5:45:00.000,Fri,Waxing Crescent Moon,Taurus,Fixed,Earth,Feminine,Neck,Venus,56, WINTON RD
221,40.0,CUF,3,201905,FRI,0,3,39.139345,1 - DAYLIGHT,-84.521268,"7 - SIDESWIPE, SAME DIRECTION",02 - WET,CUF,03 - SPORT UTILITY VEHICLE,2 - CLOUDY,45232,2023-04-21,5:45:00.000,Fri,Waxing Crescent Moon,Taurus,Fixed,Earth,Feminine,Neck,Venus,56, WINTON RD
222,15.0,CUF,3,201905,FRI,1,3,39.138665,1 - DAYLIGHT,-84.519788,2 - REAR-END,02 - WET,CUF,01 - PASSENGER CAR,1 - CLEAR,45232,2023-04-21,5:45:00.000,Fri,Waxing Crescent Moon,Taurus,Fixed,Earth,Feminine,Neck,Venus,56, WINTON RD
223,21.0,CUF,3,201905,FRI,0,3,39.139005,1 - DAYLIGHT,-84.521268,"7 - SIDESWIPE, SAME DIRECTION",02 - WET,CUF,01 - PASSENGER CAR,2 - CLOUDY,45232,2023-04-21,5:45:00.000,Fri,Waxing Crescent Moon,Taurus,Fixed,Earth,Feminine,Neck,Venus,56, WINTON RD
224,31.0,ROSELAWN,3,201905,FRI,1,3,39.192121,1 - DAYLIGHT,-84.461355,2 - REAR-END,02 - WET,ROSELAWN,01 - PASSENGER CAR,4 - RAIN,45237,2023-04-21,5:44:00.000,Fri,Waxing Crescent Moon,Taurus,Fixed,Earth,Feminine,Neck,Venus,71, READING RD
225,68.0,ROSELAWN,3,201905,FRI,0,3,39.191691,1 - DAYLIGHT,-84.462025,2 - REAR-END,02 - WET,ROSELAWN,03 - SPORT UTILITY VEHICLE,4 - RAIN,45237,2023-04-21,5:44:00.000,Fri,Waxing Crescent Moon,Taurus,Fixed,Earth,Feminine,Neck,Venus,71, READING RD
226,65.0,ROSELAWN,3,201905,FRI,1,3,39.192061,1 - DAYLIGHT,-84.460395,2 - REAR-END,02 - WET,ROSELAWN,03 - SPORT UTILITY VEHICLE,4 - RAIN,45237,2023-04-21,5:44:00.000,Fri,Waxing Crescent Moon,Taurus,Fixed,Earth,Feminine,Neck,Venus,71, READING RD
227,52.0,SOUTH CUMMINSVILLE,3,201905,FRI,1,3,39.147765,1 - DAYLIGHT,-84.550283,1 - NOT COLLISION BETWEEN TWO MOTOR VEHICLES IN TRANSPORT,02 - WET,SOUTH CUMMINSVILLE,04 - PICK UP,4 - RAIN,45225,2023-04-21,5:39:00.000,Fri,Waxing Crescent Moon,Taurus,Fixed,Earth,Feminine,Neck,Venus,18, MILLCREEK RD
228,38.0,DOWNTOWN - PENDLETON,3,201905,FRI,1,3,39.109802,1 - DAYLIGHT,-84.504591,6 - ANGLE,02 - WET,PENDLETON,04 - PICK UP,4 - RAIN,45202,2023-04-21,5:37:00.000,Fri,Waxing Crescent Moon,Taurus,Fixed,Earth,Feminine,Neck,Venus,7, READING RD
229,28.0,DOWNTOWN - PENDLETON,3,201905,FRI,1,3,39.110602,1 - DAYLIGHT,-84.504601,6 - ANGLE,02 - WET,PENDLETON,01 - PASSENGER CAR,4 - RAIN,45202,2023-04-21,5:37:00.000,Fri,Waxing Crescent Moon,Taurus,Fixed,Earth,Feminine,Neck,Venus,7, READING RD
230,61.0,WEST END,3,201905,FRI,0,3,39.119489,1 - DAYLIGHT,-84.534552,2 - REAR-END,02 - WET,WEST END,04 - PICK UP,2 - CLOUDY,45225,2023-04-21,5:30:00.000,Fri,Waxing Crescent Moon,Taurus,Fixed,Earth,Feminine,Neck,Venus,N I75 AT 2.4 MM,N I75 AT 2.4 MM
231,37.0,WEST END,3,201905,FRI,1,3,39.117839,1 - DAYLIGHT,-84.534592,2 - REAR-END,02 - WET,WEST END,04 - PICK UP,2 - CLOUDY,45225,2023-04-21,5:30:00.000,Fri,Waxing Crescent Moon,Taurus,Fixed,Earth,Feminine,Neck,Venus,N I75 AT 2.4 MM,N I75 AT 2.4 MM
232,19.0,WEST END,3,201905,FRI,1,3,39.119709,1 - DAYLIGHT,-84.535742,2 - REAR-END,02 - WET,WEST END,01 - PASSENGER CAR,2 - CLOUDY,45225,2023-04-21,5:30:00.000,Fri,Waxing Crescent Moon,Taurus,Fixed,Earth,Feminine,Neck,Venus,N I75 AT 2.4 MM,N I75 AT 2.4 MM
233,20.0,WEST END,3,201905,FRI,0,3,39.119109,1 - DAYLIGHT,-84.535632,2 - REAR-END,02 - WET,WEST END,01 - PASSENGER CAR,2 - CLOUDY,45225,2023-04-21,5:30:00.000,Fri,Waxing Crescent Moon,Taurus,Fixed,Earth,Feminine,Neck,Venus,N I75 AT 2.4 MM,N I75 AT 2.4 MM
234,23.0,WEST END,3,201905,FRI,0,3,39.118639,1 - DAYLIGHT,-84.534202,2 - REAR-END,02 - WET,WEST END,04 - PICK UP,2 - CLOUDY,45225,2023-04-21,5:30:00.000,Fri,Waxing Crescent Moon,Taurus,Fixed,Earth,Feminine,Neck,Venus,N I75 AT 2.4 MM,N I75 AT 2.4 MM
235,57.0,WEST END,3,201905,FRI,0,3,39.118839,1 - DAYLIGHT,-84.535472,2 - REAR-END,02 - WET,WEST END,04 - PICK UP,2 - CLOUDY,45225,2023-04-21,5:30:00.000,Fri,Waxing Crescent Moon,Taurus,Fixed,Earth,Feminine,Neck,Venus,N I75 AT 2.4 MM,N I75 AT 2.4 MM
236,34.0,WEST END,3,201905,FRI,1,3,39.124366,1 - DAYLIGHT,-84.535573,"7 - SIDESWIPE, SAME DIRECTION",02 - WET,QUEENSGATE,03 - SPORT UTILITY VEHICLE,2 - CLOUDY,45202,2023-04-21,5:24:00.000,Fri,Waxing Crescent Moon,Taurus,Fixed,Earth,Feminine,Neck,Venus,S I75 AT 2-5 MM,S I75 AT 2-5 MM
237,38.0,WEST END,3,201905,FRI,1,3,39.123646,1 - DAYLIGHT,-84.536673,"7 - SIDESWIPE, SAME DIRECTION",02 - WET,QUEENSGATE,04 - PICK UP,2 - CLOUDY,45202,2023-04-21,5:24:00.000,Fri,Waxing Crescent Moon,Taurus,Fixed,Earth,Feminine,Neck,Venus,S I75 AT 2-5 MM,S I75 AT 2-5 MM
238,34.0,SOUTH FAIRMOUNT,3,201905,SUN,1,3,39.125936,4 - DARK – ROADWAY NOT LIGHTED,-84.544703,"7 - SIDESWIPE, SAME DIRECTION",01 - DRY,SOUTH FAIRMOUNT,19 - BUS (16+ PASSENGERS),1 - CLEAR,45214,2023-04-16,2:02:00.000,Sun,Waning Crescent Moon,Pisces,Mutable,Water,Feminine,Feet,Neptune,24, BEEKMAN ST
239,75.0,SOUTH FAIRMOUNT,3,201905,SUN,1,3,39.125936,4 - DARK – ROADWAY NOT LIGHTED,-84.545223,"7 - SIDESWIPE, SAME DIRECTION",01 - DRY,SOUTH FAIRMOUNT,01 - PASSENGER CAR,1 - CLEAR,45214,2023-04-16,2:02:00.000,Sun,Waning Crescent Moon,Pisces,Mutable,Water,Feminine,Feet,Neptune,24, BEEKMAN ST
240,62.0,MOUNT AUBURN - WALNUT HILLS,3,201905,FRI,1,3,39.110322,1 - DAYLIGHT,-84.500519,1 - NOT COLLISION BETWEEN TWO MOTOR VEHICLES IN TRANSPORT,02 - WET,MT. ADAMS,01 - PASSENGER CAR,4 - RAIN,45202,2023-04-21,5:00:00.000,Fri,Waxing Crescent Moon,Taurus,Fixed,Earth,Feminine,Neck,Venus,SB I71 AT 2-2 MM,SB I71 AT 2-2 MM
241,34.0,NORTHSIDE,3,201905,FRI,1,3,39.160859,1 - DAYLIGHT,-84.539928,"7 - SIDESWIPE, SAME DIRECTION",02 - WET,NORTHSIDE,01 - PASSENGER CAR,2 - CLOUDY,45223,2023-04-21,4:58:00.000,Fri,Waxing Crescent Moon,Taurus,Fixed,Earth,Feminine,Neck,Venus,40, HAMILTON AV
242,20.0,NORTHSIDE,3,201905,FRI,1,3,39.159239,1 - DAYLIGHT,-84.540608,"7 - SIDESWIPE, SAME DIRECTION",02 - WET,NORTHSIDE,01 - PASSENGER CAR,2 - CLOUDY,45223,2023-04-21,4:58:00.000,Fri,Waxing Crescent Moon,Taurus,Fixed,Earth,Feminine,Neck,Venus,40, HAMILTON AV
243,34.0,WEST PRICE HILL,3,201905,FRI,1,3,39.109581,1 - DAYLIGHT,-84.582209,2 - REAR-END,02 - WET,WEST PRICE HILL,01 - PASSENGER CAR,2 - CLOUDY,45205,2023-04-21,4:45:00.000,Fri,Waxing Crescent Moon,Taurus,Fixed,Earth,Feminine,Neck,Venus,10, GILSEY AV
244,34.0,WEST PRICE HILL,3,201905,THU,1,3,39.122118,1 - DAYLIGHT,-84.583919,5 - BACKING,01 - DRY,WEST PRICE HILL,01 - PASSENGER CAR,1 - CLEAR,45205,2023-04-13,0:00:00.000,Thu,Last Quarter Moon,Capricorn,Cardinal,Earth,Feminine,Back,Saturn,17, GILSEY AV
245,31.0,WEST PRICE HILL,3,201905,THU,1,3,39.122268,1 - DAYLIGHT,-84.583989,5 - BACKING,01 - DRY,WEST PRICE HILL,01 - PASSENGER CAR,1 - CLEAR,45205,2023-04-13,0:00:00.000,Thu,Last Quarter Moon,Capricorn,Cardinal,Earth,Feminine,Back,Saturn,17, GILSEY AV
246,28.0,CALIFORNIA,3,201905,FRI,1,3,39.059593,3 - DARK - LIGHTED ROADWAY,-84.420916,2 - REAR-END,01 - DRY,CALIFORNIA,01 - PASSENGER CAR,1 - CLEAR,45228,2023-04-21,5:51:00.000,Fri,Waxing Crescent Moon,Taurus,Fixed,Earth,Feminine,Neck,Venus,61, KELLOGG AV
247,50.0,CALIFORNIA,3,201905,FRI,1,3,39.060413,3 - DARK - LIGHTED ROADWAY,-84.420036,2 - REAR-END,01 - DRY,CALIFORNIA,05 - CARGO VAN,1 - CLEAR,45228,2023-04-21,5:51:00.000,Fri,Waxing Crescent Moon,Taurus,Fixed,Earth,Feminine,Neck,Venus,61, KELLOGG AV
248,88.0,BOND HILL,3,201905,THU,0,3,39.183608,1 - DAYLIGHT,-84.457391,"7 - SIDESWIPE, SAME DIRECTION",01 - DRY,BOND HILL,03 - SPORT UTILITY VEHICLE,1 - CLEAR,45237,2023-04-20,3:05:00.000,Thu,Solar Eclipse,Taurus,Fixed,Earth,Feminine,Neck,Venus,21, SEYMOUR AV
249,60.0,BOND HILL,3,201905,THU,1,3,39.183908,1 - DAYLIGHT,-84.457871,"7 - SIDESWIPE, SAME DIRECTION",01 - DRY,BOND HILL,01 - PASSENGER CAR,1 - CLEAR,45237,2023-04-20,3:05:00.000,Thu,Solar Eclipse,Taurus,Fixed,Earth,Feminine,Neck,Venus,21, SEYMOUR AV
250,34.0,WEST PRICE HILL,1,201903,FRI,1,3,39.120991,1 - DAYLIGHT,-84.587321,2 - REAR-END,02 - WET,WEST PRICE HILL,99 - UNKNOWN OR HIT/SKIP,4 - RAIN,45238,2023-04-21,1:25:00.000,Fri,Waxing Crescent Moon,Taurus,Fixed,Earth,Feminine,Neck,Venus,44, GUERLEY RD
251,24.0,WEST PRICE HILL,1,201903,FRI,1,3,39.119941,1 - DAYLIGHT,-84.588081,2 - REAR-END,02 - WET,WEST PRICE HILL,01 - PASSENGER CAR,4 - RAIN,45238,2023-04-21,1:25:00.000,Fri,Waxing Crescent Moon,Taurus,Fixed,Earth,Feminine,Neck,Venus,44, GUERLEY RD
252,20.0,WEST PRICE HILL,1,201903,FRI,0,1,39.121291,1 - DAYLIGHT,-84.586521,2 - REAR-END,02 - WET,WEST PRICE HILL,01 - PASSENGER CAR,4 - RAIN,45238,2023-04-21,1:25:00.000,Fri,Waxing Crescent Moon,Taurus,Fixed,Earth,Feminine,Neck,Venus,44, GUERLEY RD
253,3.0,WEST PRICE HILL,1,201903,FRI,0,3,39.121601,1 - DAYLIGHT,-84.586471,2 - REAR-END,02 - WET,WEST PRICE HILL,01 - PASSENGER CAR,4 - RAIN,45238,2023-04-21,1:25:00.000,Fri,Waxing Crescent Moon,Taurus,Fixed,Earth,Feminine,Neck,Venus,44, GUERLEY RD
254,4.0,WEST PRICE HILL,1,201903,FRI,1,3,39.121001,1 - DAYLIGHT,-84.586441,2 - REAR-END,02 - WET,WEST PRICE HILL,01 - PASSENGER CAR,4 - RAIN,45238,2023-04-21,1:25:00.000,Fri,Waxing Crescent Moon,Taurus,Fixed,Earth,Feminine,Neck,Venus,44, GUERLEY RD
255,22.0,MOUNT AUBURN,3,201905,FRI,1,3,39.127526,1 - DAYLIGHT,-84.499228,2 - REAR-END,02 - WET,AVONDALE,01 - PASSENGER CAR,2 - CLOUDY,45219,2023-04-21,1:30:00.000,Fri,Waxing Crescent Moon,Taurus,Fixed,Earth,Feminine,Neck,Venus,5, WILLIAM HOWARD TAFT RD
256,50.0,MOUNT AUBURN,3,201905,FRI,0,3,39.128856,1 - DAYLIGHT,-84.499508,2 - REAR-END,02 - WET,AVONDALE,02 - PASSENGER VAN (MINIVAN),2 - CLOUDY,45219,2023-04-21,1:30:00.000,Fri,Waxing Crescent Moon,Taurus,Fixed,Earth,Feminine,Neck,Venus,5, WILLIAM HOWARD TAFT RD
257,46.0,CUF,3,201905,FRI,1,3,39.127551,1 - DAYLIGHT,-84.519881,6 - ANGLE,01 - DRY,CUF,04 - PICK UP,2 - CLOUDY,45219,2023-04-21,1:29:00.000,Fri,Waxing Crescent Moon,Taurus,Fixed,Earth,Feminine,Neck,Venus,23, WHEELER ST
258,27.0,OTR,3,201905,FRI,1,3,39.116821,1 - DAYLIGHT,-84.516101,6 - ANGLE,02 - WET,OVER-THE-RHINE,01 - PASSENGER CAR,2 - CLOUDY,45202,2023-04-21,1:04:00.000,Fri,Waxing Crescent Moon,Taurus,Fixed,Earth,Feminine,Neck,Venus,19, VINE ST
259,21.0,OTR,3,201905,FRI,0,3,39.116221,1 - DAYLIGHT,-84.517611,6 - ANGLE,02 - WET,OVER-THE-RHINE,01 - PASSENGER CAR,2 - CLOUDY,45202,2023-04-21,1:04:00.000,Fri,Waxing Crescent Moon,Taurus,Fixed,Earth,Feminine,Neck,Venus,19, VINE ST
260,18.0,WALNUT HILLS,3,201905,THU,0,3,39.125319,1 - DAYLIGHT,-84.490723,6 - ANGLE,01 - DRY,WALNUT HILLS,01 - PASSENGER CAR,1 - CLEAR,45206,2023-04-20,8:07:00.000,Thu,Solar Eclipse,Taurus,Fixed,Earth,Feminine,Neck,Venus,25, GILBERT AV
261,34.0,WALNUT HILLS,3,201905,THU,1,3,39.125159,1 - DAYLIGHT,-84.489783,6 - ANGLE,01 - DRY,WALNUT HILLS,01 - PASSENGER CAR,1 - CLEAR,45206,2023-04-20,8:07:00.000,Thu,Solar Eclipse,Taurus,Fixed,Earth,Feminine,Neck,Venus,25, GILBERT AV
262,74.0,NORTH AVONDALE,1,201903,FRI,1,1,39.162461,1 - DAYLIGHT,-84.50462,6 - ANGLE,01 - DRY,CLIFTON,02 - PASSENGER VAN (MINIVAN),1 - CLEAR,45217,2023-04-21,9:50:00.000,Fri,Waxing Crescent Moon,Taurus,Fixed,Earth,Feminine,Neck,Venus,42, VINE ST
263,33.0,NORTH AVONDALE,1,201903,FRI,0,2,39.161351,1 - DAYLIGHT,-84.50426,6 - ANGLE,01 - DRY,CLIFTON,03 - SPORT UTILITY VEHICLE,1 - CLEAR,45217,2023-04-21,9:50:00.000,Fri,Waxing Crescent Moon,Taurus,Fixed,Earth,Feminine,Neck,Venus,42, VINE ST
264,34.0,WEST PRICE HILL,3,201905,FRI,0,3,39.107578,1 - DAYLIGHT,-84.587915,2 - REAR-END,01 - DRY,WEST PRICE HILL,01 - PASSENGER CAR,1 - CLEAR,45205,2023-04-07,7:35:00.000,Fri,Waning Gibbous Moon,Scorpio,Fixed,Water,Feminine,Genitals,Pluto,7, TRENTON AV
265,34.0,OTR,3,201905,FRI,1,3,39.108441,1 - DAYLIGHT,-84.512129,1 - NOT COLLISION BETWEEN TWO MOTOR VEHICLES IN TRANSPORT,01 - DRY,OVER-THE-RHINE,02 - PASSENGER VAN (MINIVAN),1 - CLEAR,45202,2023-04-07,7:49:00.000,Fri,Waning Gibbous Moon,Scorpio,Fixed,Water,Feminine,Genitals,Pluto,13, MARTIN DR
266,53.0,CORRYVILLE - HEIGHTS,3,201905,FRI,1,3,39.141461,1 - DAYLIGHT,-84.515883,"7 - SIDESWIPE, SAME DIRECTION",01 - DRY,CUF,01 - PASSENGER CAR,1 - CLEAR,45220,2023-04-07,6:52:00.000,Fri,Waning Gibbous Moon,Scorpio,Fixed,Water,Feminine,Genitals,Pluto,33, JEFFERSON AV
267,34.0,CORRYVILLE - HEIGHTS,3,201905,FRI,1,3,39.142171,1 - DAYLIGHT,-84.516043,"7 - SIDESWIPE, SAME DIRECTION",01 - DRY,CUF,01 - PASSENGER CAR,1 - CLEAR,45220,2023-04-07,6:52:00.000,Fri,Waning Gibbous Moon,Scorpio,Fixed,Water,Feminine,Genitals,Pluto,33, JEFFERSON AV
268,15.0,MADISONVILLE,1,201903,FRI,0,3,39.158891,1 - DAYLIGHT,-84.384228,3 - HEAD-ON,01 - DRY,MADISONVILLE,01 - PASSENGER CAR,1 - CLEAR,45227,2023-04-07,6:39:00.000,Fri,Waning Gibbous Moon,Scorpio,Fixed,Water,Feminine,Genitals,Pluto,64, MADISON RD
269,34.0,MADISONVILLE,1,201903,FRI,1,3,39.158741,1 - DAYLIGHT,-84.383998,3 - HEAD-ON,01 - DRY,MADISONVILLE,01 - PASSENGER CAR,1 - CLEAR,45227,2023-04-07,6:39:00.000,Fri,Waning Gibbous Moon,Scorpio,Fixed,Water,Feminine,Genitals,Pluto,64, MADISON RD
270,11.0,MADISONVILLE,1,201903,FRI,1,3,39.159621,1 - DAYLIGHT,-84.384478,3 - HEAD-ON,01 - DRY,MADISONVILLE,01 - PASSENGER CAR,1 - CLEAR,45227,2023-04-07,6:39:00.000,Fri,Waning Gibbous Moon,Scorpio,Fixed,Water,Feminine,Genitals,Pluto,64, MADISON RD
271,40.0,MADISONVILLE,1,201903,FRI,0,3,39.160071,1 - DAYLIGHT,-84.383688,3 - HEAD-ON,01 - DRY,MADISONVILLE,01 - PASSENGER CAR,1 - CLEAR,45227,2023-04-07,6:39:00.000,Fri,Waning Gibbous Moon,Scorpio,Fixed,Water,Feminine,Genitals,Pluto,64, MADISON RD
272,38.0,MADISONVILLE,1,201903,FRI,0,1,39.159961,1 - DAYLIGHT,-84.384578,3 - HEAD-ON,01 - DRY,MADISONVILLE,01 - PASSENGER CAR,1 - CLEAR,45227,2023-04-07,6:39:00.000,Fri,Waning Gibbous Moon,Scorpio,Fixed,Water,Feminine,Genitals,Pluto,64, MADISON RD
273,27.0,MADISONVILLE,1,201903,FRI,1,3,39.160361,1 - DAYLIGHT,-84.384908,3 - HEAD-ON,01 - DRY,MADISONVILLE,01 - PASSENGER CAR,1 - CLEAR,45227,2023-04-07,6:39:00.000,Fri,Waning Gibbous Moon,Scorpio,Fixed,Water,Feminine,Genitals,Pluto,64, MADISON RD
274,66.0,WEST PRICE HILL,1,201903,FRI,0,1,39.111935,1 - DAYLIGHT,-84.606411,2 - REAR-END,01 - DRY,WEST PRICE HILL,03 - SPORT UTILITY VEHICLE,1 - CLEAR,45238,2023-04-07,6:30:00.000,Fri,Waning Gibbous Moon,Scorpio,Fixed,Water,Feminine,Genitals,Pluto,9, COVEDALE AV
275,34.0,WESTWOOD,3,201905,FRI,1,3,39.150961,1 - DAYLIGHT,-84.588191,6 - ANGLE,01 - DRY,WESTWOOD,03 - SPORT UTILITY VEHICLE,1 - CLEAR,45211,2023-04-07,6:00:00.000,Fri,Waning Gibbous Moon,Scorpio,Fixed,Water,Feminine,Genitals,Pluto,27, MONTANA AV
276,39.0,WESTWOOD,3,201905,FRI,0,3,39.150071,1 - DAYLIGHT,-84.588861,6 - ANGLE,01 - DRY,WESTWOOD,01 - PASSENGER CAR,1 - CLEAR,45211,2023-04-07,6:00:00.000,Fri,Waning Gibbous Moon,Scorpio,Fixed,Water,Feminine,Genitals,Pluto,27, MONTANA AV
277,19.0,CLIFTON,3,201905,FRI,1,3,39.150421,1 - DAYLIGHT,-84.518841,6 - ANGLE,01 - DRY,CLIFTON,01 - PASSENGER CAR,1 - CLEAR,45220,2023-04-07,5:52:00.000,Fri,Waning Gibbous Moon,Scorpio,Fixed,Water,Feminine,Genitals,Pluto,36, CLIFTON AV
278,36.0,CLIFTON,3,201905,FRI,0,3,39.148801,1 - DAYLIGHT,-84.519191,6 - ANGLE,01 - DRY,CLIFTON,03 - SPORT UTILITY VEHICLE,1 - CLEAR,45220,2023-04-07,5:52:00.000,Fri,Waning Gibbous Moon,Scorpio,Fixed,Water,Feminine,Genitals,Pluto,36, CLIFTON AV
279,34.0,OTR,3,201905,FRI,1,3,39.118596,1 - DAYLIGHT,-84.519403,5 - BACKING,01 - DRY,OVER-THE-RHINE,01 - PASSENGER CAR,1 - CLEAR,45202,2023-04-07,5:25:00.000,Fri,Waning Gibbous Moon,Scorpio,Fixed,Water,Feminine,Genitals,Pluto,19, RACE ST
280,29.0,HARTWELL,3,201905,FRI,0,3,39.212913,1 - DAYLIGHT,-84.463078,6 - ANGLE,01 - DRY,HARTWELL,01 - PASSENGER CAR,1 - CLEAR,45216,2023-04-07,5:24:00.000,Fri,Waning Gibbous Moon,Scorpio,Fixed,Water,Feminine,Genitals,Pluto,83, ANTHONY WAYNE AV
281,42.0,HARTWELL,3,201905,FRI,1,3,39.212653,1 - DAYLIGHT,-84.462768,6 - ANGLE,01 - DRY,HARTWELL,04 - PICK UP,1 - CLEAR,45216,2023-04-07,5:24:00.000,Fri,Waning Gibbous Moon,Scorpio,Fixed,Water,Feminine,Genitals,Pluto,83, ANTHONY WAYNE AV