,age,community_council_neighborhood,crashseverity,crashseverityid,dayofweek,gender,injuries,latitude_x,lightconditionsprimary,longitude_x,mannerofcrash,roadconditionsprimary,sna_neighborhood,unittype,weather,zip,date,time,day,moon_phase,moon_sign,modality,element,masc_fem,body_part,ruling_planet,hundred_block,road
282,34.0,NORTH FAIRMOUNT,3,201905,FRI,1,3,39.140231,1 - DAYLIGHT,-84.561361,"7 - SIDESWIPE, SAME DIRECTION",01 - DRY,NORTH FAIRMOUNT,01 - PASSENGER CAR,1 - CLEAR,45225,2023-04-07,5:10:00.000,Fri,Waning Gibbous Moon,Scorpio,Fixed,Water,Feminine,Genitals,Pluto,20, BALTIMORE AV
283,41.0,NORTH FAIRMOUNT,3,201905,FRI,0,3,39.140701,1 - DAYLIGHT,-84.561201,"7 - SIDESWIPE, SAME DIRECTION",01 - DRY,NORTH FAIRMOUNT,01 - PASSENGER CAR,1 - CLEAR,45225,2023-04-07,5:10:00.000,Fri,Waning Gibbous Moon,Scorpio,Fixed,Water,Feminine,Genitals,Pluto,20, BALTIMORE AV
284,58.0,CARTHAGE,3,201905,FRI,1,3,39.194702,1 - DAYLIGHT,-84.480378,6 - ANGLE,01 - DRY,CARTHAGE,03 - SPORT UTILITY VEHICLE,1 - CLEAR,45216,2023-04-07,4:53:00.000,Fri,Waning Gibbous Moon,Scorpio,Fixed,Water,Feminine,Genitals,Pluto,0, SEYMOUR AV
285,25.0,CARTHAGE,3,201905,FRI,1,3,39.195902,1 - DAYLIGHT,-84.480328,6 - ANGLE,01 - DRY,CARTHAGE,01 - PASSENGER CAR,1 - CLEAR,45216,2023-04-07,4:53:00.000,Fri,Waning Gibbous Moon,Scorpio,Fixed,Water,Feminine,Genitals,Pluto,0, SEYMOUR AV
286,34.0,ROSELAWN,3,201905,FRI,0,3,39.192343,1 - DAYLIGHT,-84.475583,2 - REAR-END,01 - DRY,ROSELAWN,01 - PASSENGER CAR,1 - CLEAR,45216,2023-04-07,4:40:26.000,Fri,Waning Gibbous Moon,Scorpio,Fixed,Water,Feminine,Genitals,Pluto,68, PADDOCK RD
287,18.0,ROSELAWN,3,201905,FRI,1,3,39.192193,1 - DAYLIGHT,-84.476353,2 - REAR-END,01 - DRY,ROSELAWN,03 - SPORT UTILITY VEHICLE,1 - CLEAR,45216,2023-04-07,4:40:26.000,Fri,Waning Gibbous Moon,Scorpio,Fixed,Water,Feminine,Genitals,Pluto,68, PADDOCK RD
288,22.0,CLIFTON,3,201905,FRI,1,3,39.160043,1 - DAYLIGHT,-84.521755,1 - NOT COLLISION BETWEEN TWO MOTOR VEHICLES IN TRANSPORT,01 - DRY,CLIFTON,01 - PASSENGER CAR,1 - CLEAR,45220,2023-04-07,2:40:00.000,Fri,Waning Gibbous Moon,Scorpio,Fixed,Water,Feminine,Genitals,Pluto,N I75 AT 6-1 MM,N I75 AT 6-1 MM
289,34.0,AVONDALE,3,201905,FRI,1,3,39.146166,9 - UNKNOWN,-84.513463,"7 - SIDESWIPE, SAME DIRECTION",09 - UNKNOWN,AVONDALE,99 - UNKNOWN OR HIT/SKIP,99 - OTHER/UNKNOWN,45220,2023-04-07,0:00:00.000,Fri,Waning Gibbous Moon,Scorpio,Fixed,Water,Feminine,Genitals,Pluto,35, VINE ST
290,79.0,PADDOCK HILLS,3,201905,FRI,0,3,39.159636,1 - DAYLIGHT,-84.476396,6 - ANGLE,01 - DRY,NORTH AVONDALE - PADDOCK HILLS,01 - PASSENGER CAR,1 - CLEAR,45229,2023-04-07,3:30:00.000,Fri,Waning Gibbous Moon,Scorpio,Fixed,Water,Feminine,Genitals,Pluto,0, W MARTIN LUTHER KING JR DR
291,67.0,PADDOCK HILLS,3,201905,FRI,0,3,39.159106,1 - DAYLIGHT,-84.474696,6 - ANGLE,01 - DRY,NORTH AVONDALE - PADDOCK HILLS,01 - PASSENGER CAR,1 - CLEAR,45229,2023-04-07,3:30:00.000,Fri,Waning Gibbous Moon,Scorpio,Fixed,Water,Feminine,Genitals,Pluto,0, W MARTIN LUTHER KING JR DR
292,20.0,PADDOCK HILLS,3,201905,FRI,1,3,39.160756,1 - DAYLIGHT,-84.475906,6 - ANGLE,01 - DRY,NORTH AVONDALE - PADDOCK HILLS,01 - PASSENGER CAR,1 - CLEAR,45229,2023-04-07,3:30:00.000,Fri,Waning Gibbous Moon,Scorpio,Fixed,Water,Feminine,Genitals,Pluto,0, W MARTIN LUTHER KING JR DR
293,20.0,PADDOCK HILLS,3,201905,FRI,0,3,39.159636,1 - DAYLIGHT,-84.475576,6 - ANGLE,01 - DRY,NORTH AVONDALE - PADDOCK HILLS,01 - PASSENGER CAR,1 - CLEAR,45229,2023-04-07,3:30:00.000,Fri,Waning Gibbous Moon,Scorpio,Fixed,Water,Feminine,Genitals,Pluto,0, W MARTIN LUTHER KING JR DR
294,22.0,PADDOCK HILLS,3,201905,FRI,1,3,39.159316,1 - DAYLIGHT,-84.476396,6 - ANGLE,01 - DRY,NORTH AVONDALE - PADDOCK HILLS,01 - PASSENGER CAR,1 - CLEAR,45229,2023-04-07,3:30:00.000,Fri,Waning Gibbous Moon,Scorpio,Fixed,Water,Feminine,Genitals,Pluto,0, W MARTIN LUTHER KING JR DR
295,24.0,HYDE PARK,3,201905,FRI,0,3,39.138746,1 - DAYLIGHT,-84.443913,2 - REAR-END,01 - DRY,HYDE PARK,01 - PASSENGER CAR,1 - CLEAR,45208,2023-04-07,2:40:00.000,Fri,Waning Gibbous Moon,Scorpio,Fixed,Water,Feminine,Genitals,Pluto,34, EDWARDS RD
296,0.0,HYDE PARK,3,201905,FRI,1,3,39.137226,1 - DAYLIGHT,-84.442743,2 - REAR-END,01 - DRY,HYDE PARK,01 - PASSENGER CAR,1 - CLEAR,45208,2023-04-07,2:40:00.000,Fri,Waning Gibbous Moon,Scorpio,Fixed,Water,Feminine,Genitals,Pluto,34, EDWARDS RD
297,26.0,HYDE PARK,3,201905,FRI,1,3,39.137446,1 - DAYLIGHT,-84.443213,2 - REAR-END,01 - DRY,HYDE PARK,04 - PICK UP,1 - CLEAR,45208,2023-04-07,2:40:00.000,Fri,Waning Gibbous Moon,Scorpio,Fixed,Water,Feminine,Genitals,Pluto,34, EDWARDS RD
298,22.0,SOUTH FAIRMOUNT,3,201905,FRI,1,3,39.128891,1 - DAYLIGHT,-84.566701,6 - ANGLE,01 - DRY,SOUTH FAIRMOUNT,02 - PASSENGER VAN (MINIVAN),1 - CLEAR,45214,2023-04-07,2:48:00.000,Fri,Waning Gibbous Moon,Scorpio,Fixed,Water,Feminine,Genitals,Pluto,20, QUEEN CITY BYPASS
299,44.0,SOUTH FAIRMOUNT,3,201905,FRI,1,3,39.129611,1 - DAYLIGHT,-84.567091,6 - ANGLE,01 - DRY,SOUTH FAIRMOUNT,01 - PASSENGER CAR,1 - CLEAR,45214,2023-04-07,2:48:00.000,Fri,Waning Gibbous Moon,Scorpio,Fixed,Water,Feminine,Genitals,Pluto,20, QUEEN CITY BYPASS
300,40.0,NORTHSIDE,3,201905,WED,1,3,39.159193,1 - DAYLIGHT,-84.542926,1 - NOT COLLISION BETWEEN TWO MOTOR VEHICLES IN TRANSPORT,01 - DRY,NORTHSIDE,20 - OTHER VEHICLE,2 - CLOUDY,45223,2023-04-05,6:45:00.000,Wed,Waxing Gibbous Moon,Libra,Cardinal,Air,Masculine,Skin,Venus,40, CHERRY ST
301,36.0,SOUTH FAIRMOUNT,3,201905,FRI,1,3,39.124891,1 - DAYLIGHT,-84.554031,"7 - SIDESWIPE, SAME DIRECTION",01 - DRY,SOUTH FAIRMOUNT,04 - PICK UP,2 - CLOUDY,45214,2023-04-07,2:05:15.000,Fri,Waning Gibbous Moon,Scorpio,Fixed,Water,Feminine,Genitals,Pluto,17, WESTWOOD AV
302,34.0,SOUTH FAIRMOUNT,3,201905,FRI,1,3,39.125921,1 - DAYLIGHT,-84.552841,"7 - SIDESWIPE, SAME DIRECTION",01 - DRY,SOUTH FAIRMOUNT,03 - SPORT UTILITY VEHICLE,2 - CLOUDY,45214,2023-04-07,2:05:15.000,Fri,Waning Gibbous Moon,Scorpio,Fixed,Water,Feminine,Genitals,Pluto,17, WESTWOOD AV
303,57.0,CORRYVILLE,3,201905,FRI,0,3,39.135792,1 - DAYLIGHT,-84.507794,2 - REAR-END,01 - DRY,CORRYVILLE,03 - SPORT UTILITY VEHICLE,1 - CLEAR,45219,2023-04-07,1:52:00.000,Fri,Waning Gibbous Moon,Scorpio,Fixed,Water,Feminine,Genitals,Pluto,6, E KING DR
304,33.0,CORRYVILLE,3,201905,FRI,0,3,39.135062,1 - DAYLIGHT,-84.507994,2 - REAR-END,01 - DRY,CORRYVILLE,03 - SPORT UTILITY VEHICLE,1 - CLEAR,45219,2023-04-07,1:52:00.000,Fri,Waning Gibbous Moon,Scorpio,Fixed,Water,Feminine,Genitals,Pluto,6, E KING DR
305,26.0,CORRYVILLE,3,201905,FRI,0,3,39.136312,1 - DAYLIGHT,-84.506434,2 - REAR-END,01 - DRY,CORRYVILLE,03 - SPORT UTILITY VEHICLE,1 - CLEAR,45219,2023-04-07,1:52:00.000,Fri,Waning Gibbous Moon,Scorpio,Fixed,Water,Feminine,Genitals,Pluto,6, E KING DR
306,24.0,HYDE PARK,3,201905,FRI,1,3,39.142491,1 - DAYLIGHT,-84.435531,"8 - SIDESWIPE, OPPOSITE DIRECTION",01 - DRY,HYDE PARK,21 - HEAVY EQUIPMENT,1 - CLEAR,45208,2023-04-07,0:38:00.000,Fri,Waning Gibbous Moon,Scorpio,Fixed,Water,Feminine,Genitals,Pluto,36, COLUMBUS AV
307,34.0,COLLEGE HILL,3,201905,FRI,1,3,39.191599,3 - DARK - LIGHTED ROADWAY,-84.546257,1 - NOT COLLISION BETWEEN TWO MOTOR VEHICLES IN TRANSPORT,01 - DRY,COLLEGE HILL,01 - PASSENGER CAR,1 - CLEAR,45224,2023-04-07,2:00:00.000,Fri,Waning Gibbous Moon,Scorpio,Fixed,Water,Feminine,Genitals,Pluto,55, HAMILTON AV
308,54.0,WALNUT HILLS,3,201905,FRI,1,3,39.126046,1 - DAYLIGHT,-84.487245,6 - ANGLE,01 - DRY,WALNUT HILLS,01 - PASSENGER CAR,1 - CLEAR,45206,2023-04-07,8:53:00.000,Fri,Waning Gibbous Moon,Scorpio,Fixed,Water,Feminine,Genitals,Pluto,9, E MCMILLAN ST
309,31.0,WALNUT HILLS,3,201905,FRI,0,3,39.125046,1 - DAYLIGHT,-84.488185,6 - ANGLE,01 - DRY,WALNUT HILLS,04 - PICK UP,1 - CLEAR,45206,2023-04-07,8:53:00.000,Fri,Waning Gibbous Moon,Scorpio,Fixed,Water,Feminine,Genitals,Pluto,9, E MCMILLAN ST
310,25.0,SPRING GROVE VILLAGE,3,201905,FRI,1,3,39.166972,1 - DAYLIGHT,-84.513139,"7 - SIDESWIPE, SAME DIRECTION",01 - DRY,SPRING GROVE VILLAGE,14 - SINGLE UNIT TRUCK,2 - CLOUDY,45217,2023-04-07,8:40:00.000,Fri,Waning Gibbous Moon,Scorpio,Fixed,Water,Feminine,Genitals,Pluto,3, W MITCHELL AVE
311,41.0,SPRING GROVE VILLAGE,3,201905,FRI,1,3,39.166762,1 - DAYLIGHT,-84.513069,"7 - SIDESWIPE, SAME DIRECTION",01 - DRY,SPRING GROVE VILLAGE,15 - SEMI-TRACTOR,2 - CLOUDY,45217,2023-04-07,8:40:00.000,Fri,Waning Gibbous Moon,Scorpio,Fixed,Water,Feminine,Genitals,Pluto,3, W MITCHELL AVE
312,34.0,WESTWOOD,3,201905,FRI,1,3,39.149622,3 - DARK - LIGHTED ROADWAY,-84.584779,6 - ANGLE,01 - DRY,WESTWOOD,01 - PASSENGER CAR,1 - CLEAR,45211,2023-04-07,0:50:00.000,Fri,Waning Gibbous Moon,Scorpio,Fixed,Water,Feminine,Genitals,Pluto,25, WESTWOOD NORTHERN BV
313,54.0,WESTWOOD,3,201905,FRI,0,3,39.149772,3 - DARK - LIGHTED ROADWAY,-84.584689,6 - ANGLE,01 - DRY,WESTWOOD,01 - PASSENGER CAR,1 - CLEAR,45211,2023-04-07,0:50:00.000,Fri,Waning Gibbous Moon,Scorpio,Fixed,Water,Feminine,Genitals,Pluto,25, WESTWOOD NORTHERN BV
314,22.0,CUF,1,201903,FRI,0,3,39.126918,3 - DARK - LIGHTED ROADWAY,-84.517386,6 - ANGLE,01 - DRY,CUF,01 - PASSENGER CAR,1 - CLEAR,45219,2023-04-07,0:15:00.000,Fri,Waning Gibbous Moon,Scorpio,Fixed,Water,Feminine,Genitals,Pluto,24, MOERLEIN AV
315,31.0,CUF,1,201903,FRI,1,1,39.125828,3 - DARK - LIGHTED ROADWAY,-84.516716,6 - ANGLE,01 - DRY,CUF,01 - PASSENGER CAR,1 - CLEAR,45219,2023-04-07,0:15:00.000,Fri,Waning Gibbous Moon,Scorpio,Fixed,Water,Feminine,Genitals,Pluto,24, MOERLEIN AV
316,46.0,CUF - HEIGHTS,3,201905,THU,0,3,39.129611,3 - DARK - LIGHTED ROADWAY,-84.520328,2 - REAR-END,01 - DRY,CUF,01 - PASSENGER CAR,1 - CLEAR,45219,2023-04-06,3:46:00.000,Thu,Full Moon,Libra,Cardinal,Air,Masculine,Skin,Venus,25, CLIFTON AV
317,35.0,CUF - HEIGHTS,3,201905,THU,0,3,39.129201,3 - DARK - LIGHTED ROADWAY,-84.520598,2 - REAR-END,01 - DRY,CUF,03 - SPORT UTILITY VEHICLE,1 - CLEAR,45219,2023-04-06,3:46:00.000,Thu,Full Moon,Libra,Cardinal,Air,Masculine,Skin,Venus,25, CLIFTON AV
318,34.0,DOWNTOWN,3,201905,THU,1,3,39.105977,3 - DARK - LIGHTED ROADWAY,-84.514354,6 - ANGLE,01 - DRY,DOWNTOWN,03 - SPORT UTILITY VEHICLE,1 - CLEAR,45202,2023-04-06,2:15:00.000,Thu,Full Moon,Libra,Cardinal,Air,Masculine,Skin,Venus,9, VINE ST
319,47.0,DOWNTOWN,3,201905,THU,1,3,39.106537,3 - DARK - LIGHTED ROADWAY,-84.514584,6 - ANGLE,01 - DRY,DOWNTOWN,03 - SPORT UTILITY VEHICLE,1 - CLEAR,45202,2023-04-06,2:15:00.000,Thu,Full Moon,Libra,Cardinal,Air,Masculine,Skin,Venus,9, VINE ST
320,32.0,CORRYVILLE - HEIGHTS,3,201905,THU,0,3,39.128346,3 - DARK - LIGHTED ROADWAY,-84.516423,"7 - SIDESWIPE, SAME DIRECTION",01 - DRY,CUF,01 - PASSENGER CAR,1 - CLEAR,45221,2023-04-06,1:50:00.000,Thu,Full Moon,Libra,Cardinal,Air,Masculine,Skin,Venus,2, CALHOUN ST
321,32.0,CORRYVILLE - HEIGHTS,3,201905,THU,0,3,39.127416,3 - DARK - LIGHTED ROADWAY,-84.515623,"7 - SIDESWIPE, SAME DIRECTION",01 - DRY,CUF,01 - PASSENGER CAR,1 - CLEAR,45221,2023-04-06,1:50:00.000,Thu,Full Moon,Libra,Cardinal,Air,Masculine,Skin,Venus,2, CALHOUN ST
322,13.0,WEST PRICE HILL,3,201905,THU,1,3,39.112411,4 - DARK – ROADWAY NOT LIGHTED,-84.593831,1 - NOT COLLISION BETWEEN TWO MOTOR VEHICLES IN TRANSPORT,01 - DRY,WEST PRICE HILL,01 - PASSENGER CAR,1 - CLEAR,45238,2023-04-06,1:10:00.000,Thu,Full Moon,Libra,Cardinal,Air,Masculine,Skin,Venus,8, HERMOSA AV
323,33.0,BOND HILL,3,201905,WED,0,3,39.180211,1 - DAYLIGHT,-84.466117,"7 - SIDESWIPE, SAME DIRECTION",01 - DRY,BOND HILL,19 - BUS (16+ PASSENGERS),4 - RAIN,45237,2023-04-05,5:30:00.000,Wed,Waxing Gibbous Moon,Libra,Cardinal,Air,Masculine,Skin,Venus,54, READING RD
324,34.0,BOND HILL,3,201905,WED,1,3,39.180731,1 - DAYLIGHT,-84.464567,"7 - SIDESWIPE, SAME DIRECTION",01 - DRY,BOND HILL,04 - PICK UP,4 - RAIN,45237,2023-04-05,5:30:00.000,Wed,Waxing Gibbous Moon,Libra,Cardinal,Air,Masculine,Skin,Venus,54, READING RD
325,20.0,CARTHAGE,1,201903,THU,0,1,39.199071,1 - DAYLIGHT,-84.478432,6 - ANGLE,01 - DRY,CARTHAGE,01 - PASSENGER CAR,2 - CLOUDY,45216,2023-04-06,9:05:00.000,Thu,Full Moon,Libra,Cardinal,Air,Masculine,Skin,Venus,74, FAIRPARK AV
326,39.0,MADISONVILLE,2,201904,THU,0,3,39.163691,1 - DAYLIGHT,-84.394241,6 - ANGLE,01 - DRY,MADISONVILLE,01 - PASSENGER CAR,1 - CLEAR,45227,2023-04-06,8:08:00.000,Thu,Full Moon,Libra,Cardinal,Air,Masculine,Skin,Venus,58, CHANDLER ST
327,21.0,MADISONVILLE,2,201904,THU,1,2,39.163061,1 - DAYLIGHT,-84.394561,6 - ANGLE,01 - DRY,MADISONVILLE,01 - PASSENGER CAR,1 - CLEAR,45227,2023-04-06,8:08:00.000,Thu,Full Moon,Libra,Cardinal,Air,Masculine,Skin,Venus,58, CHANDLER ST
328,76.0,CAMP WASHINGTON,1,201903,THU,0,1,39.137816,1 - DAYLIGHT,-84.533493,1 - NOT COLLISION BETWEEN TWO MOTOR VEHICLES IN TRANSPORT,01 - DRY,CAMP WASHINGTON,01 - PASSENGER CAR,2 - CLOUDY,45219,2023-04-06,7:56:00.000,Thu,Full Moon,Libra,Cardinal,Air,Masculine,Skin,Venus,S I75 AT 3-5 MM,S I75 AT 3-5 MM
329,34.0,WEST PRICE HILL,3,201905,THU,1,3,39.114827,1 - DAYLIGHT,-84.582832,5 - BACKING,01 - DRY,WEST PRICE HILL,03 - SPORT UTILITY VEHICLE,1 - CLEAR,45205,2023-04-06,7:30:00.000,Thu,Full Moon,Libra,Cardinal,Air,Masculine,Skin,Venus,41, GLENWAY AV
330,57.0,WEST PRICE HILL,3,201905,THU,0,3,39.113707,1 - DAYLIGHT,-84.581292,5 - BACKING,01 - DRY,WEST PRICE HILL,03 - SPORT UTILITY VEHICLE,1 - CLEAR,45205,2023-04-06,7:30:00.000,Thu,Full Moon,Libra,Cardinal,Air,Masculine,Skin,Venus,41, GLENWAY AV
331,53.0,WESTWOOD,3,201905,THU,1,3,39.135823,1 - DAYLIGHT,-84.603611,"7 - SIDESWIPE, SAME DIRECTION",01 - DRY,WESTWOOD,01 - PASSENGER CAR,1 - CLEAR,45238,2023-04-06,7:30:00.000,Thu,Full Moon,Libra,Cardinal,Air,Masculine,Skin,Venus,30, QUEEN CITY AV
332,48.0,WESTWOOD,3,201905,THU,0,3,39.136363,1 - DAYLIGHT,-84.603681,"7 - SIDESWIPE, SAME DIRECTION",01 - DRY,WESTWOOD,19 - BUS (16+ PASSENGERS),1 - CLEAR,45238,2023-04-06,7:30:00.000,Thu,Full Moon,Libra,Cardinal,Air,Masculine,Skin,Venus,30, QUEEN CITY AV
333,29.0,BOND HILL,3,201905,THU,1,3,39.183835,1 - DAYLIGHT,-84.483211,"7 - SIDESWIPE, SAME DIRECTION",01 - DRY,BOND HILL,03 - SPORT UTILITY VEHICLE,1 - CLEAR,45237,2023-04-06,7:26:00.000,Thu,Full Moon,Libra,Cardinal,Air,Masculine,Skin,Venus,N I75 AT 8-6 MM,N I75 AT 8-6 MM
334,40.0,DOWNTOWN,3,201905,THU,0,3,39.099627,1 - DAYLIGHT,-84.503341,2 - REAR-END,01 - DRY,DOWNTOWN,01 - PASSENGER CAR,1 - CLEAR,45202,2023-04-06,7:30:00.000,Thu,Full Moon,Libra,Cardinal,Air,Masculine,Skin,Venus,6, W FWW
335,34.0,BOND HILL,3,201905,THU,1,3,39.184475,1 - DAYLIGHT,-84.484041,"7 - SIDESWIPE, SAME DIRECTION",01 - DRY,BOND HILL,15 - SEMI-TRACTOR,1 - CLEAR,45237,2023-04-06,7:26:00.000,Thu,Full Moon,Libra,Cardinal,Air,Masculine,Skin,Venus,N I75 AT 8-6 MM,N I75 AT 8-6 MM
336,21.0,DOWNTOWN,3,201905,THU,1,3,39.099787,1 - DAYLIGHT,-84.502301,2 - REAR-END,01 - DRY,DOWNTOWN,01 - PASSENGER CAR,1 - CLEAR,45202,2023-04-06,7:30:00.000,Thu,Full Moon,Libra,Cardinal,Air,Masculine,Skin,Venus,6, W FWW
337,34.0,WEST END,3,201905,THU,0,3,39.111038,1 - DAYLIGHT,-84.530946,2 - REAR-END,01 - DRY,WEST END,01 - PASSENGER CAR,1 - CLEAR,45202,2023-04-06,7:15:00.000,Thu,Full Moon,Libra,Cardinal,Air,Masculine,Skin,Venus,N7X AT 1-3  MM,N7X AT 1-3  MM
338,34.0,WEST END,3,201905,THU,0,3,39.112458,1 - DAYLIGHT,-84.531056,2 - REAR-END,01 - DRY,WEST END,02 - PASSENGER VAN (MINIVAN),1 - CLEAR,45202,2023-04-06,7:15:00.000,Thu,Full Moon,Libra,Cardinal,Air,Masculine,Skin,Venus,N7X AT 1-3  MM,N7X AT 1-3  MM
339,64.0,CAMP WASHINGTON,3,201905,THU,0,3,39.138453,1 - DAYLIGHT,-84.533897,2 - REAR-END,01 - DRY,CAMP WASHINGTON,01 - PASSENGER CAR,1 - CLEAR,45202,2023-04-06,7:07:00.000,Thu,Full Moon,Libra,Cardinal,Air,Masculine,Skin,Venus,N I75 AT 3-3 MM,N I75 AT 3-3 MM
340,15.0,NORTH AVONDALE,1,201903,FRI,0,1,39.162681,1 - DAYLIGHT,-84.50372,6 - ANGLE,01 - DRY,CLIFTON,03 - SPORT UTILITY VEHICLE,1 - CLEAR,45217,2023-04-21,9:50:00.000,Fri,Waxing Crescent Moon,Taurus,Fixed,Earth,Feminine,Neck,Venus,42, VINE ST
341,28.0,CORRYVILLE,3,201905,FRI,1,3,39.128825,1 - DAYLIGHT,-84.504108,6 - ANGLE,01 - DRY,CORRYVILLE,01 - PASSENGER CAR,2 - CLOUDY,45219,2023-04-21,9:48:00.000,Fri,Waxing Crescent Moon,Taurus,Fixed,Earth,Feminine,Neck,Venus,26, HIGHLAND AV
342,30.0,CORRYVILLE,3,201905,FRI,0,3,39.127895,1 - DAYLIGHT,-84.503268,6 - ANGLE,01 - DRY,CORRYVILLE,02 - PASSENGER VAN (MINIVAN),2 - CLOUDY,45219,2023-04-21,9:48:00.000,Fri,Waxing Crescent Moon,Taurus,Fixed,Earth,Feminine,Neck,Venus,26, HIGHLAND AV
343,44.0,DOWNTOWN - PENDLETON,3,201905,FRI,1,3,39.109566,1 - DAYLIGHT,-84.503118,"7 - SIDESWIPE, SAME DIRECTION",01 - DRY,MT. ADAMS,01 - PASSENGER CAR,2 - CLOUDY,45202,2023-04-21,9:30:00.000,Fri,Waxing Crescent Moon,Taurus,Fixed,Earth,Feminine,Neck,Venus,S I71 AT 1-9 MM,S I71 AT 1-9 MM
344,23.0,DOWNTOWN - PENDLETON,3,201905,FRI,0,3,39.109636,1 - DAYLIGHT,-84.502078,"7 - SIDESWIPE, SAME DIRECTION",01 - DRY,MT. ADAMS,01 - PASSENGER CAR,2 - CLOUDY,45202,2023-04-21,9:30:00.000,Fri,Waxing Crescent Moon,Taurus,Fixed,Earth,Feminine,Neck,Venus,S I71 AT 1-9 MM,S I71 AT 1-9 MM
345,20.0,DOWNTOWN - PENDLETON,3,201905,FRI,0,3,39.108556,1 - DAYLIGHT,-84.503298,"7 - SIDESWIPE, SAME DIRECTION",01 - DRY,MT. ADAMS,01 - PASSENGER CAR,2 - CLOUDY,45202,2023-04-21,9:30:00.000,Fri,Waxing Crescent Moon,Taurus,Fixed,Earth,Feminine,Neck,Venus,S I71 AT 1-9 MM,S I71 AT 1-9 MM
346,19.0,CORRYVILLE - HEIGHTS,3,201905,FRI,0,3,39.135675,1 - DAYLIGHT,-84.513058,"7 - SIDESWIPE, SAME DIRECTION",01 - DRY,CUF,01 - PASSENGER CAR,2 - CLOUDY,45221,2023-04-21,9:29:00.000,Fri,Waxing Crescent Moon,Taurus,Fixed,Earth,Feminine,Neck,Venus,1, W KING DR
347,41.0,CORRYVILLE - HEIGHTS,3,201905,FRI,0,3,39.136375,1 - DAYLIGHT,-84.511858,"7 - SIDESWIPE, SAME DIRECTION",01 - DRY,CUF,01 - PASSENGER CAR,2 - CLOUDY,45221,2023-04-21,9:29:00.000,Fri,Waxing Crescent Moon,Taurus,Fixed,Earth,Feminine,Neck,Venus,1, W KING DR
348,61.0,WESTWOOD,2,201904,FRI,1,3,39.143471,1 - DAYLIGHT,-84.623281,6 - ANGLE,01 - DRY,WESTWOOD,01 - PASSENGER CAR,2 - CLOUDY,45211,2023-04-21,9:10:00.000,Fri,Waxing Crescent Moon,Taurus,Fixed,Earth,Feminine,Neck,Venus,61, GLENWAY AV
349,29.0,WESTWOOD,2,201904,FRI,0,2,39.141911,1 - DAYLIGHT,-84.622591,6 - ANGLE,01 - DRY,WESTWOOD,01 - PASSENGER CAR,2 - CLOUDY,45211,2023-04-21,9:10:00.000,Fri,Waxing Crescent Moon,Taurus,Fixed,Earth,Feminine,Neck,Venus,61, GLENWAY AV
350,86.0,WESTWOOD,2,201904,FRI,0,3,39.141831,1 - DAYLIGHT,-84.622391,6 - ANGLE,01 - DRY,WESTWOOD,01 - PASSENGER CAR,2 - CLOUDY,45211,2023-04-21,9:10:00.000,Fri,Waxing Crescent Moon,Taurus,Fixed,Earth,Feminine,Neck,Venus,61, GLENWAY AV
351,39.0,HARTWELL,3,201905,FRI,0,3,39.213038,1 - DAYLIGHT,-84.468172,6 - ANGLE,01 - DRY,HARTWELL,03 - SPORT UTILITY VEHICLE,2 - CLOUDY,45216,2023-04-21,8:49:00.000,Fri,Waxing Crescent Moon,Taurus,Fixed,Earth,Feminine,Neck,Venus,2, E GALBRAITH RD
352,42.0,HARTWELL,3,201905,FRI,1,3,39.211908,1 - DAYLIGHT,-84.468002,6 - ANGLE,01 - DRY,HARTWELL,01 - PASSENGER CAR,2 - CLOUDY,45216,2023-04-21,8:49:00.000,Fri,Waxing Crescent Moon,Taurus,Fixed,Earth,Feminine,Neck,Venus,2, E GALBRAITH RD