,age,community_council_neighborhood,crashseverity,crashseverityid,dayofweek,gender,injuries,latitude_x,lightconditionsprimary,longitude_x,mannerofcrash,roadconditionsprimary,sna_neighborhood,unittype,weather,zip,date,time,day,moon_phase,moon_sign,modality,element,masc_fem,body_part,ruling_planet,hundred_block,road
353,38.0,WEST PRICE HILL,3,201905,FRI,1,3,39.113681,9 - UNKNOWN,-84.605961,"7 - SIDESWIPE, SAME DIRECTION",01 - DRY,WEST PRICE HILL,01 - PASSENGER CAR,1 - CLEAR,45238,2023-04-21,8:46:00.000,Fri,Waxing Crescent Moon,Taurus,Fixed,Earth,Feminine,Neck,Venus,11, MORADO DR
354,34.0,WEST PRICE HILL,3,201905,FRI,1,3,39.115091,9 - UNKNOWN,-84.606341,"7 - SIDESWIPE, SAME DIRECTION",01 - DRY,WEST PRICE HILL,99 - UNKNOWN OR HIT/SKIP,1 - CLEAR,45238,2023-04-21,8:46:00.000,Fri,Waxing Crescent Moon,Taurus,Fixed,Earth,Feminine,Neck,Venus,11, MORADO DR
355,28.0,WEST END,2,201904,FRI,1,3,39.123898,1 - DAYLIGHT,-84.535163,"7 - SIDESWIPE, SAME DIRECTION",01 - DRY,WEST END,15 - SEMI-TRACTOR,1 - CLEAR,45219,2023-04-21,8:32:00.000,Fri,Waxing Crescent Moon,Taurus,Fixed,Earth,Feminine,Neck,Venus,N I75 AT 2-7 MM,N I75 AT 2-7 MM
356,20.0,WEST END,2,201904,FRI,1,2,39.124348,1 - DAYLIGHT,-84.535003,"7 - SIDESWIPE, SAME DIRECTION",01 - DRY,WEST END,01 - PASSENGER CAR,1 - CLEAR,45219,2023-04-21,8:32:00.000,Fri,Waxing Crescent Moon,Taurus,Fixed,Earth,Feminine,Neck,Venus,N I75 AT 2-7 MM,N I75 AT 2-7 MM
357,34.0,MOUNT AIRY,3,201905,FRI,1,3,39.182218,1 - DAYLIGHT,-84.565368,9 - UNKNOWN,09 - UNKNOWN,MT. AIRY,99 - UNKNOWN OR HIT/SKIP,1 - CLEAR,45223,2023-04-21,7:25:00.000,Fri,Waxing Crescent Moon,Taurus,Fixed,Earth,Feminine,Neck,Venus,51, HAWAIIAN TE
358,61.0,CLIFTON,3,201905,FRI,0,3,39.149496,1 - DAYLIGHT,-84.519479,2 - REAR-END,01 - DRY,CLIFTON,01 - PASSENGER CAR,1 - CLEAR,45220,2023-04-21,8:20:00.000,Fri,Waxing Crescent Moon,Taurus,Fixed,Earth,Feminine,Neck,Venus,3, MCALPIN AVE
359,19.0,CLIFTON,3,201905,FRI,1,3,39.149196,1 - DAYLIGHT,-84.518449,2 - REAR-END,01 - DRY,CLIFTON,04 - PICK UP,1 - CLEAR,45220,2023-04-21,8:20:00.000,Fri,Waxing Crescent Moon,Taurus,Fixed,Earth,Feminine,Neck,Venus,3, MCALPIN AVE
360,51.0,LINWOOD,2,201904,FRI,1,3,39.120351,3 - DARK - LIGHTED ROADWAY,-84.414358,6 - ANGLE,01 - DRY,LINWOOD,04 - PICK UP,1 - CLEAR,45226,2023-04-21,5:52:00.000,Fri,Waxing Crescent Moon,Taurus,Fixed,Earth,Feminine,Neck,Venus,48, BEECHMONT CR
361,67.0,LINWOOD,2,201904,FRI,0,2,39.118571,3 - DARK - LIGHTED ROADWAY,-84.412728,6 - ANGLE,01 - DRY,LINWOOD,01 - PASSENGER CAR,1 - CLEAR,45226,2023-04-21,5:52:00.000,Fri,Waxing Crescent Moon,Taurus,Fixed,Earth,Feminine,Neck,Venus,48, BEECHMONT CR
362,34.0,NORTH AVONDALE,3,201905,FRI,1,3,39.158397,3 - DARK - LIGHTED ROADWAY,-84.499602,1 - NOT COLLISION BETWEEN TWO MOTOR VEHICLES IN TRANSPORT,01 - DRY,AVONDALE,99 - UNKNOWN OR HIT/SKIP,1 - CLEAR,45217,2023-04-21,3:10:00.000,Fri,Waxing Crescent Moon,Taurus,Fixed,Earth,Feminine,Neck,Venus,39, WESS PARK DR
363,25.0,LOWER PRICE HILL,3,201905,FRI,1,3,39.102814,3 - DARK - LIGHTED ROADWAY,-84.554683,"7 - SIDESWIPE, SAME DIRECTION",01 - DRY,LOWER PRICE HILL,01 - PASSENGER CAR,1 - CLEAR,45204,2023-04-21,3:13:00.000,Fri,Waxing Crescent Moon,Taurus,Fixed,Earth,Feminine,Neck,Venus,23, WARSAW AV
364,24.0,OAKLEY,3,201905,FRI,0,3,39.163451,4 - DARK – ROADWAY NOT LIGHTED,-84.420601,1 - NOT COLLISION BETWEEN TWO MOTOR VEHICLES IN TRANSPORT,01 - DRY,OAKLEY,01 - PASSENGER CAR,1 - CLEAR,45209,2023-04-21,1:09:00.000,Fri,Waxing Crescent Moon,Taurus,Fixed,Earth,Feminine,Neck,Venus,50, ALAMO AV
365,34.0,SOUTH CUMMINSVILLE,3,201905,FRI,1,3,39.155784,3 - DARK - LIGHTED ROADWAY,-84.545561,1 - NOT COLLISION BETWEEN TWO MOTOR VEHICLES IN TRANSPORT,01 - DRY,SOUTH CUMMINSVILLE,01 - PASSENGER CAR,1 - CLEAR,45225,2023-04-21,0:23:00.000,Fri,Waxing Crescent Moon,Taurus,Fixed,Earth,Feminine,Neck,Venus,E I74 AT 18-3 MM,E I74 AT 18-3 MM
366,56.0,BOND HILL,3,201905,FRI,1,3,39.180721,3 - DARK - LIGHTED ROADWAY,-84.464397,1 - NOT COLLISION BETWEEN TWO MOTOR VEHICLES IN TRANSPORT,01 - DRY,BOND HILL,01 - PASSENGER CAR,1 - CLEAR,45237,2023-04-21,0:10:34.000,Fri,Waxing Crescent Moon,Taurus,Fixed,Earth,Feminine,Neck,Venus,54, READING RD
367,44.0,BOND HILL,3,201905,FRI,0,3,39.181151,3 - DARK - LIGHTED ROADWAY,-84.465897,1 - NOT COLLISION BETWEEN TWO MOTOR VEHICLES IN TRANSPORT,01 - DRY,BOND HILL,01 - PASSENGER CAR,1 - CLEAR,45237,2023-04-21,0:10:34.000,Fri,Waxing Crescent Moon,Taurus,Fixed,Earth,Feminine,Neck,Venus,54, READING RD
368,34.0,EAST PRICE HILL,3,201905,THU,1,3,39.101981,3 - DARK - LIGHTED ROADWAY,-84.565911,2 - REAR-END,01 - DRY,EAST PRICE HILL,01 - PASSENGER CAR,1 - CLEAR,45205,2023-04-20,2:00:00.000,Thu,Solar Eclipse,Taurus,Fixed,Earth,Feminine,Neck,Venus,5, ELBERON AV
369,34.0,MOUNT AIRY,3,201905,THU,1,3,39.184965,3 - DARK - LIGHTED ROADWAY,-84.567403,"7 - SIDESWIPE, SAME DIRECTION",01 - DRY,MT. AIRY,01 - PASSENGER CAR,1 - CLEAR,45223,2023-04-20,2:10:00.000,Thu,Solar Eclipse,Taurus,Fixed,Earth,Feminine,Neck,Venus,52, COLERAIN AV
370,33.0,MOUNT AIRY,3,201905,THU,0,3,39.184695,3 - DARK - LIGHTED ROADWAY,-84.566553,"7 - SIDESWIPE, SAME DIRECTION",01 - DRY,MT. AIRY,01 - PASSENGER CAR,1 - CLEAR,45223,2023-04-20,2:10:00.000,Thu,Solar Eclipse,Taurus,Fixed,Earth,Feminine,Neck,Venus,52, COLERAIN AV
371,24.0,MOUNT AIRY,3,201905,THU,1,3,39.178681,3 - DARK - LIGHTED ROADWAY,-84.566531,"7 - SIDESWIPE, SAME DIRECTION",01 - DRY,MT. AIRY,03 - SPORT UTILITY VEHICLE,1 - CLEAR,45223,2023-04-20,1:43:00.000,Thu,Solar Eclipse,Taurus,Fixed,Earth,Feminine,Neck,Venus,50, COLERAIN AV
372,21.0,MOUNT AIRY,3,201905,THU,0,3,39.179651,3 - DARK - LIGHTED ROADWAY,-84.567851,"7 - SIDESWIPE, SAME DIRECTION",01 - DRY,MT. AIRY,01 - PASSENGER CAR,1 - CLEAR,45223,2023-04-20,1:43:00.000,Thu,Solar Eclipse,Taurus,Fixed,Earth,Feminine,Neck,Venus,50, COLERAIN AV
373,24.0,MOUNT AIRY,3,201905,THU,1,3,39.178371,3 - DARK - LIGHTED ROADWAY,-84.567841,"7 - SIDESWIPE, SAME DIRECTION",01 - DRY,MT. AIRY,03 - SPORT UTILITY VEHICLE,1 - CLEAR,45223,2023-04-20,1:43:00.000,Thu,Solar Eclipse,Taurus,Fixed,Earth,Feminine,Neck,Venus,50, COLERAIN AV
374,34.0,MOUNT AIRY,3,201905,THU,1,3,39.179251,3 - DARK - LIGHTED ROADWAY,-84.566551,"7 - SIDESWIPE, SAME DIRECTION",01 - DRY,MT. AIRY,99 - UNKNOWN OR HIT/SKIP,1 - CLEAR,45223,2023-04-20,1:43:00.000,Thu,Solar Eclipse,Taurus,Fixed,Earth,Feminine,Neck,Venus,50, COLERAIN AV
375,42.0,MOUNT AIRY,3,201905,THU,0,3,39.179881,3 - DARK - LIGHTED ROADWAY,-84.567801,"7 - SIDESWIPE, SAME DIRECTION",01 - DRY,MT. AIRY,01 - PASSENGER CAR,1 - CLEAR,45223,2023-04-20,1:43:00.000,Thu,Solar Eclipse,Taurus,Fixed,Earth,Feminine,Neck,Venus,50, COLERAIN AV
376,45.0,CUF - HEIGHTS,3,201905,THU,1,3,39.127481,1 - DAYLIGHT,-84.511811,2 - REAR-END,01 - DRY,CUF,03 - SPORT UTILITY VEHICLE,1 - CLEAR,45219,2023-04-20,6:55:00.000,Thu,Solar Eclipse,Taurus,Fixed,Earth,Feminine,Neck,Venus,0, W MCMILLAN ST
377,34.0,CUF - HEIGHTS,3,201905,THU,0,3,39.126621,1 - DAYLIGHT,-84.512301,2 - REAR-END,01 - DRY,CUF,03 - SPORT UTILITY VEHICLE,1 - CLEAR,45219,2023-04-20,6:55:00.000,Thu,Solar Eclipse,Taurus,Fixed,Earth,Feminine,Neck,Venus,0, W MCMILLAN ST
378,60.0,EAST END,2,201904,THU,1,3,39.101495,3 - DARK - LIGHTED ROADWAY,-84.433155,2 - REAR-END,01 - DRY,LINWOOD,04 - PICK UP,1 - CLEAR,45226,2023-04-20,1:02:00.000,Thu,Solar Eclipse,Taurus,Fixed,Earth,Feminine,Neck,Venus,E I275 AT 72-4 MM,E I275 AT 72-4 MM
379,63.0,EAST END,2,201904,THU,0,2,39.101785,3 - DARK - LIGHTED ROADWAY,-84.431625,2 - REAR-END,01 - DRY,LINWOOD,01 - PASSENGER CAR,1 - CLEAR,45226,2023-04-20,1:02:00.000,Thu,Solar Eclipse,Taurus,Fixed,Earth,Feminine,Neck,Venus,E I275 AT 72-4 MM,E I275 AT 72-4 MM
380,70.0,EAST END,2,201904,THU,1,2,39.100505,3 - DARK - LIGHTED ROADWAY,-84.431805,2 - REAR-END,01 - DRY,LINWOOD,01 - PASSENGER CAR,1 - CLEAR,45226,2023-04-20,1:02:00.000,Thu,Solar Eclipse,Taurus,Fixed,Earth,Feminine,Neck,Venus,E I275 AT 72-4 MM,E I275 AT 72-4 MM
381,56.0,WEST PRICE HILL,1,201903,THU,0,3,39.109641,1 - DAYLIGHT,-84.607481,1 - NOT COLLISION BETWEEN TWO MOTOR VEHICLES IN TRANSPORT,01 - DRY,WEST PRICE HILL,03 - SPORT UTILITY VEHICLE,1 - CLEAR,45238,2023-04-20,8:05:00.000,Thu,Solar Eclipse,Taurus,Fixed,Earth,Feminine,Neck,Venus,50, RAPID RUN RD
382,44.0,WEST PRICE HILL,1,201903,THU,1,1,39.109981,1 - DAYLIGHT,-84.606301,1 - NOT COLLISION BETWEEN TWO MOTOR VEHICLES IN TRANSPORT,01 - DRY,WEST PRICE HILL,07 - MOTORCYCLE 2 WHEELED,1 - CLEAR,45238,2023-04-20,8:05:00.000,Thu,Solar Eclipse,Taurus,Fixed,Earth,Feminine,Neck,Venus,50, RAPID RUN RD
383,17.0,NORTHSIDE,0,201902,THU,0,0,39.164926,2 - DUSK,-84.553283,3 - HEAD-ON,01 - DRY,NORTHSIDE,01 - PASSENGER CAR,1 - CLEAR,45223,2023-04-20,9:58:00.000,Thu,Solar Eclipse,Taurus,Fixed,Earth,Feminine,Neck,Venus,44, COLERAIN AV
384,23.0,NORTHSIDE,0,201902,THU,0,3,39.164466,2 - DUSK,-84.551553,3 - HEAD-ON,01 - DRY,NORTHSIDE,01 - PASSENGER CAR,1 - CLEAR,45223,2023-04-20,9:58:00.000,Thu,Solar Eclipse,Taurus,Fixed,Earth,Feminine,Neck,Venus,44, COLERAIN AV
385,24.0,NORTHSIDE,0,201902,THU,0,0,39.164456,2 - DUSK,-84.551613,3 - HEAD-ON,01 - DRY,NORTHSIDE,01 - PASSENGER CAR,1 - CLEAR,45223,2023-04-20,9:58:00.000,Thu,Solar Eclipse,Taurus,Fixed,Earth,Feminine,Neck,Venus,44, COLERAIN AV
386,15.0,OAKLEY,1,201903,THU,1,1,39.158175,1 - DAYLIGHT,-84.422651,6 - ANGLE,01 - DRY,OAKLEY,01 - PASSENGER CAR,1 - CLEAR,45209,2023-04-20,8:37:00.000,Thu,Solar Eclipse,Taurus,Fixed,Earth,Feminine,Neck,Venus,33, MADISON RD
387,49.0,OAKLEY,1,201903,THU,1,3,39.158605,1 - DAYLIGHT,-84.422831,6 - ANGLE,01 - DRY,OAKLEY,14 - SINGLE UNIT TRUCK,1 - CLEAR,45209,2023-04-20,8:37:00.000,Thu,Solar Eclipse,Taurus,Fixed,Earth,Feminine,Neck,Venus,33, MADISON RD
388,16.0,OAKLEY,1,201903,THU,0,3,39.158025,1 - DAYLIGHT,-84.422381,6 - ANGLE,01 - DRY,OAKLEY,01 - PASSENGER CAR,1 - CLEAR,45209,2023-04-20,8:37:00.000,Thu,Solar Eclipse,Taurus,Fixed,Earth,Feminine,Neck,Venus,33, MADISON RD
389,52.0,OAKLEY,1,201903,THU,1,3,39.158205,1 - DAYLIGHT,-84.421401,6 - ANGLE,01 - DRY,OAKLEY,03 - SPORT UTILITY VEHICLE,1 - CLEAR,45209,2023-04-20,8:37:00.000,Thu,Solar Eclipse,Taurus,Fixed,Earth,Feminine,Neck,Venus,33, MADISON RD
390,46.0,MOUNT AUBURN - WALNUT HILLS,3,201905,THU,0,3,39.112601,1 - DAYLIGHT,-84.503111,6 - ANGLE,01 - DRY,PENDLETON,01 - PASSENGER CAR,1 - CLEAR,45202,2023-04-20,9:15:00.000,Thu,Solar Eclipse,Taurus,Fixed,Earth,Feminine,Neck,Venus,16, READING RD
391,54.0,MOUNT AUBURN - WALNUT HILLS,3,201905,THU,1,3,39.113131,1 - DAYLIGHT,-84.502121,6 - ANGLE,01 - DRY,PENDLETON,01 - PASSENGER CAR,1 - CLEAR,45202,2023-04-20,9:15:00.000,Thu,Solar Eclipse,Taurus,Fixed,Earth,Feminine,Neck,Venus,16, READING RD
392,44.0,CALIFORNIA,3,201905,THU,0,3,39.058301,1 - DAYLIGHT,-84.426091,"7 - SIDESWIPE, SAME DIRECTION",01 - DRY,CALIFORNIA,01 - PASSENGER CAR,1 - CLEAR,45226,2023-04-20,7:30:00.000,Thu,Solar Eclipse,Taurus,Fixed,Earth,Feminine,Neck,Venus,W I275 AT 72-6 MM,W I275 AT 72-6 MM
393,55.0,WEST END,3,201905,THU,1,3,39.123503,1 - DAYLIGHT,-84.538311,"7 - SIDESWIPE, SAME DIRECTION",01 - DRY,QUEENSGATE,01 - PASSENGER CAR,1 - CLEAR,45223,2023-04-20,8:40:00.000,Thu,Solar Eclipse,Taurus,Fixed,Earth,Feminine,Neck,Venus,S I75 AT 2-7 MM,S I75 AT 2-7 MM
394,31.0,WEST END,3,201905,THU,1,3,39.124253,1 - DAYLIGHT,-84.537261,"7 - SIDESWIPE, SAME DIRECTION",01 - DRY,QUEENSGATE,15 - SEMI-TRACTOR,1 - CLEAR,45223,2023-04-20,8:40:00.000,Thu,Solar Eclipse,Taurus,Fixed,Earth,Feminine,Neck,Venus,S I75 AT 2-7 MM,S I75 AT 2-7 MM
395,42.0,CALIFORNIA,3,201905,THU,1,3,39.059141,1 - DAYLIGHT,-84.427421,"7 - SIDESWIPE, SAME DIRECTION",01 - DRY,CALIFORNIA,14 - SINGLE UNIT TRUCK,1 - CLEAR,45226,2023-04-20,7:30:00.000,Thu,Solar Eclipse,Taurus,Fixed,Earth,Feminine,Neck,Venus,W I275 AT 72-6 MM,W I275 AT 72-6 MM
396,52.0,NORTHSIDE,3,201905,THU,1,3,39.171555,1 - DAYLIGHT,-84.547681,3 - HEAD-ON,01 - DRY,NORTHSIDE,03 - SPORT UTILITY VEHICLE,1 - CLEAR,45223,2023-04-20,8:59:00.000,Thu,Solar Eclipse,Taurus,Fixed,Earth,Feminine,Neck,Venus,45, KIRBY AV
397,71.0,NORTHSIDE,3,201905,THU,1,3,39.172725,1 - DAYLIGHT,-84.547411,3 - HEAD-ON,01 - DRY,NORTHSIDE,02 - PASSENGER VAN (MINIVAN),1 - CLEAR,45223,2023-04-20,8:59:00.000,Thu,Solar Eclipse,Taurus,Fixed,Earth,Feminine,Neck,Venus,45, KIRBY AV
398,22.0,CORRYVILLE - HEIGHTS,3,201905,THU,1,3,39.132111,1 - DAYLIGHT,-84.514169,1 - NOT COLLISION BETWEEN TWO MOTOR VEHICLES IN TRANSPORT,01 - DRY,CUF,01 - PASSENGER CAR,1 - CLEAR,45221,2023-04-20,5:15:00.000,Thu,Solar Eclipse,Taurus,Fixed,Earth,Feminine,Neck,Venus,28, JEFFERSON AV
399,28.0,CORRYVILLE - HEIGHTS,3,201905,THU,1,3,39.132651,1 - DAYLIGHT,-84.513599,1 - NOT COLLISION BETWEEN TWO MOTOR VEHICLES IN TRANSPORT,01 - DRY,CUF,01 - PASSENGER CAR,1 - CLEAR,45221,2023-04-20,5:15:00.000,Thu,Solar Eclipse,Taurus,Fixed,Earth,Feminine,Neck,Venus,28, JEFFERSON AV
400,26.0,WESTWOOD,3,201905,THU,1,3,39.135761,1 - DAYLIGHT,-84.604471,6 - ANGLE,01 - DRY,WESTWOOD,01 - PASSENGER CAR,1 - CLEAR,45238,2023-04-20,8:30:00.000,Thu,Solar Eclipse,Taurus,Fixed,Earth,Feminine,Neck,Venus,30, QUEEN CITY AV
401,33.0,WESTWOOD,3,201905,THU,1,3,39.136891,1 - DAYLIGHT,-84.604881,6 - ANGLE,01 - DRY,WESTWOOD,01 - PASSENGER CAR,1 - CLEAR,45238,2023-04-20,8:30:00.000,Thu,Solar Eclipse,Taurus,Fixed,Earth,Feminine,Neck,Venus,30, QUEEN CITY AV
402,39.0,EAST END,2,201904,THU,1,3,39.102075,1 - DAYLIGHT,-84.432315,6 - ANGLE,01 - DRY,LINWOOD,01 - PASSENGER CAR,1 - CLEAR,45226,2023-04-20,7:41:00.000,Thu,Solar Eclipse,Taurus,Fixed,Earth,Feminine,Neck,Venus,43, KELLOGG AV
403,25.0,EAST END,2,201904,THU,0,2,39.100635,1 - DAYLIGHT,-84.431935,6 - ANGLE,01 - DRY,LINWOOD,01 - PASSENGER CAR,1 - CLEAR,45226,2023-04-20,7:41:00.000,Thu,Solar Eclipse,Taurus,Fixed,Earth,Feminine,Neck,Venus,43, KELLOGG AV
404,36.0,EAST END,2,201904,THU,0,2,39.100475,1 - DAYLIGHT,-84.432985,6 - ANGLE,01 - DRY,LINWOOD,01 - PASSENGER CAR,1 - CLEAR,45226,2023-04-20,7:41:00.000,Thu,Solar Eclipse,Taurus,Fixed,Earth,Feminine,Neck,Venus,43, KELLOGG AV
405,49.0,CALIFORNIA,3,201905,THU,0,3,39.059107,1 - DAYLIGHT,-84.425016,2 - REAR-END,01 - DRY,CALIFORNIA,01 - PASSENGER CAR,1 - CLEAR,45230,2023-04-20,7:07:00.000,Thu,Solar Eclipse,Taurus,Fixed,Earth,Feminine,Neck,Venus,E I275 AT 73-0 MM,E I275 AT 73-0 MM
406,31.0,CALIFORNIA,3,201905,THU,1,3,39.059927,1 - DAYLIGHT,-84.424486,2 - REAR-END,01 - DRY,CALIFORNIA,04 - PICK UP,1 - CLEAR,45230,2023-04-20,7:07:00.000,Thu,Solar Eclipse,Taurus,Fixed,Earth,Feminine,Neck,Venus,E I275 AT 73-0 MM,E I275 AT 73-0 MM
407,19.0,CLIFTON,3,201905,THU,1,3,39.139901,1 - DAYLIGHT,-84.529431,6 - ANGLE,01 - DRY,CLIFTON,01 - PASSENGER CAR,1 - CLEAR,45220,2023-04-20,7:13:00.000,Thu,Solar Eclipse,Taurus,Fixed,Earth,Feminine,Neck,Venus,0, W MARTIN LUTHER KING DR
408,34.0,CLIFTON,3,201905,THU,1,3,39.139781,1 - DAYLIGHT,-84.529621,6 - ANGLE,01 - DRY,CLIFTON,19 - BUS (16+ PASSENGERS),1 - CLEAR,45220,2023-04-20,7:13:00.000,Thu,Solar Eclipse,Taurus,Fixed,Earth,Feminine,Neck,Venus,0, W MARTIN LUTHER KING DR
409,55.0,CLIFTON,3,201905,THU,1,3,39.140721,1 - DAYLIGHT,-84.529201,6 - ANGLE,01 - DRY,CLIFTON,19 - BUS (16+ PASSENGERS),1 - CLEAR,45220,2023-04-20,7:13:00.000,Thu,Solar Eclipse,Taurus,Fixed,Earth,Feminine,Neck,Venus,0, W MARTIN LUTHER KING DR
410,88.0,BOND HILL,3,201905,THU,0,3,39.182486,1 - DAYLIGHT,-84.45858,"7 - SIDESWIPE, SAME DIRECTION",01 - DRY,BOND HILL,01 - PASSENGER CAR,1 - CLEAR,45216,2023-04-20,5:39:29.000,Thu,Solar Eclipse,Taurus,Fixed,Earth,Feminine,Neck,Venus,22, E SEYMOUR AV
411,60.0,BOND HILL,3,201905,THU,1,3,39.181636,1 - DAYLIGHT,-84.45891,"7 - SIDESWIPE, SAME DIRECTION",01 - DRY,BOND HILL,01 - PASSENGER CAR,1 - CLEAR,45216,2023-04-20,5:39:29.000,Thu,Solar Eclipse,Taurus,Fixed,Earth,Feminine,Neck,Venus,22, E SEYMOUR AV
412,61.0,OTR,3,201905,THU,0,3,39.110551,1 - DAYLIGHT,-84.518031,1 - NOT COLLISION BETWEEN TWO MOTOR VEHICLES IN TRANSPORT,01 - DRY,OVER-THE-RHINE,19 - BUS (16+ PASSENGERS),1 - CLEAR,45202,2023-04-20,6:38:00.000,Thu,Solar Eclipse,Taurus,Fixed,Earth,Feminine,Neck,Venus,14, ELM ST
413,65.0,OTR,3,201905,THU,0,3,39.110581,1 - DAYLIGHT,-84.517871,1 - NOT COLLISION BETWEEN TWO MOTOR VEHICLES IN TRANSPORT,01 - DRY,OVER-THE-RHINE,25 - OTHER NON-MOTORIST,1 - CLEAR,45202,2023-04-20,6:38:00.000,Thu,Solar Eclipse,Taurus,Fixed,Earth,Feminine,Neck,Venus,14, ELM ST
414,34.0,AVONDALE,3,201905,THU,1,3,39.148149,1 - DAYLIGHT,-84.511219,"7 - SIDESWIPE, SAME DIRECTION",01 - DRY,AVONDALE,01 - PASSENGER CAR,1 - CLEAR,45220,2023-04-20,6:26:07.000,Thu,Solar Eclipse,Taurus,Fixed,Earth,Feminine,Neck,Venus,35, VINE ST
415,29.0,CAMP WASHINGTON,3,201905,THU,1,3,39.137663,1 - DAYLIGHT,-84.533747,2 - REAR-END,01 - DRY,CAMP WASHINGTON,01 - PASSENGER CAR,1 - CLEAR,45202,2023-04-06,7:07:00.000,Thu,Full Moon,Libra,Cardinal,Air,Masculine,Skin,Venus,N I75 AT 3-3 MM,N I75 AT 3-3 MM
416,57.0,WEST PRICE HILL,3,201905,THU,1,3,39.122994,1 - DAYLIGHT,-84.573133,5 - BACKING,01 - DRY,EAST PRICE HILL,01 - PASSENGER CAR,1 - CLEAR,45205,2023-04-06,7:00:00.000,Thu,Full Moon,Libra,Cardinal,Air,Masculine,Skin,Venus,19, WESTMONT LN
417,43.0,WEST PRICE HILL,3,201905,THU,0,3,39.121814,1 - DAYLIGHT,-84.572773,5 - BACKING,01 - DRY,EAST PRICE HILL,01 - PASSENGER CAR,1 - CLEAR,45205,2023-04-06,7:00:00.000,Thu,Full Moon,Libra,Cardinal,Air,Masculine,Skin,Venus,19, WESTMONT LN
418,33.0,EAST WESTWOOD,3,201905,THU,1,3,39.149101,1 - DAYLIGHT,-84.558591,6 - ANGLE,01 - DRY,MILLVALE,04 - PICK UP,1 - CLEAR,45225,2023-04-06,6:53:00.000,Thu,Full Moon,Libra,Cardinal,Air,Masculine,Skin,Venus,18, HAWKINS AV
419,61.0,EAST WESTWOOD,3,201905,THU,0,3,39.149271,1 - DAYLIGHT,-84.559071,6 - ANGLE,01 - DRY,MILLVALE,01 - PASSENGER CAR,1 - CLEAR,45225,2023-04-06,6:53:00.000,Thu,Full Moon,Libra,Cardinal,Air,Masculine,Skin,Venus,18, HAWKINS AV
420,24.0,SOUTH FAIRMOUNT,3,201905,THU,0,3,39.126043,1 - DAYLIGHT,-84.554215,6 - ANGLE,01 - DRY,SOUTH FAIRMOUNT,01 - PASSENGER CAR,1 - CLEAR,45214,2023-04-06,6:36:00.000,Thu,Full Moon,Libra,Cardinal,Air,Masculine,Skin,Venus,16, QUEEN CITY AV
421,29.0,SOUTH FAIRMOUNT,3,201905,THU,0,3,39.125543,1 - DAYLIGHT,-84.553625,6 - ANGLE,01 - DRY,SOUTH FAIRMOUNT,01 - PASSENGER CAR,1 - CLEAR,45214,2023-04-06,6:36:00.000,Thu,Full Moon,Libra,Cardinal,Air,Masculine,Skin,Venus,16, QUEEN CITY AV
422,59.0,CARTHAGE,3,201905,THU,1,3,39.191302,1 - DAYLIGHT,-84.480065,2 - REAR-END,01 - DRY,CARTHAGE,01 - PASSENGER CAR,1 - CLEAR,45232,2023-04-06,6:20:00.000,Thu,Full Moon,Libra,Cardinal,Air,Masculine,Skin,Venus,N I75 AT 6-7 MM,N I75 AT 6-7 MM
423,38.0,CARTHAGE,3,201905,THU,0,3,39.190282,1 - DAYLIGHT,-84.480875,2 - REAR-END,01 - DRY,CARTHAGE,01 - PASSENGER CAR,1 - CLEAR,45232,2023-04-06,6:20:00.000,Thu,Full Moon,Libra,Cardinal,Air,Masculine,Skin,Venus,N I75 AT 6-7 MM,N I75 AT 6-7 MM