,age,community_council_neighborhood,crashseverity,crashseverityid,dayofweek,gender,injuries,latitude_x,lightconditionsprimary,longitude_x,mannerofcrash,roadconditionsprimary,sna_neighborhood,unittype,weather,zip,date,time,day,moon_phase,moon_sign,modality,element,masc_fem,body_part,ruling_planet,hundred_block,road
424,31.0,CARTHAGE,3,201905,THU,1,3,39.189472,1 - DAYLIGHT,-84.479995,2 - REAR-END,01 - DRY,CARTHAGE,01 - PASSENGER CAR,1 - CLEAR,45232,2023-04-06,6:20:00.000,Thu,Full Moon,Libra,Cardinal,Air,Masculine,Skin,Venus,N I75 AT 6-7 MM,N I75 AT 6-7 MM
425,16.0,WALNUT HILLS,2,201904,THU,1,3,39.113561,1 - DAYLIGHT,-84.501846,6 - ANGLE,01 - DRY,WALNUT HILLS,01 - PASSENGER CAR,1 - CLEAR,45202,2023-04-06,6:26:00.000,Thu,Full Moon,Libra,Cardinal,Air,Masculine,Skin,Venus,16, READING RD
426,17.0,WALNUT HILLS,2,201904,THU,0,3,39.112751,1 - DAYLIGHT,-84.501476,6 - ANGLE,01 - DRY,WALNUT HILLS,01 - PASSENGER CAR,1 - CLEAR,45202,2023-04-06,6:26:00.000,Thu,Full Moon,Libra,Cardinal,Air,Masculine,Skin,Venus,16, READING RD
427,59.0,WALNUT HILLS,2,201904,THU,0,2,39.113561,1 - DAYLIGHT,-84.502036,6 - ANGLE,01 - DRY,WALNUT HILLS,19 - BUS (16+ PASSENGERS),1 - CLEAR,45202,2023-04-06,6:26:00.000,Thu,Full Moon,Libra,Cardinal,Air,Masculine,Skin,Venus,16, READING RD
428,22.0,EAST WESTWOOD,1,201903,THU,0,3,39.146739,1 - DAYLIGHT,-84.571693,6 - ANGLE,01 - DRY,EAST WESTWOOD,01 - PASSENGER CAR,1 - CLEAR,45225,2023-04-06,6:15:00.000,Thu,Full Moon,Libra,Cardinal,Air,Masculine,Skin,Venus,23, WESTWOOD NORTHERN BV
429,38.0,EAST WESTWOOD,1,201903,THU,1,1,39.146559,1 - DAYLIGHT,-84.571003,6 - ANGLE,01 - DRY,EAST WESTWOOD,01 - PASSENGER CAR,1 - CLEAR,45225,2023-04-06,6:15:00.000,Thu,Full Moon,Libra,Cardinal,Air,Masculine,Skin,Venus,23, WESTWOOD NORTHERN BV
430,20.0,CAMP WASHINGTON,3,201905,THU,0,3,39.138286,1 - DAYLIGHT,-84.533783,1 - NOT COLLISION BETWEEN TWO MOTOR VEHICLES IN TRANSPORT,01 - DRY,CAMP WASHINGTON,01 - PASSENGER CAR,2 - CLOUDY,45219,2023-04-06,6:17:00.000,Thu,Full Moon,Libra,Cardinal,Air,Masculine,Skin,Venus,S I75 AT 2-9 MM,S I75 AT 2-9 MM
431,31.0,CAMP WASHINGTON,3,201905,THU,0,3,39.137926,1 - DAYLIGHT,-84.534283,1 - NOT COLLISION BETWEEN TWO MOTOR VEHICLES IN TRANSPORT,01 - DRY,CAMP WASHINGTON,03 - SPORT UTILITY VEHICLE,2 - CLOUDY,45219,2023-04-06,6:17:00.000,Thu,Full Moon,Libra,Cardinal,Air,Masculine,Skin,Venus,S I75 AT 2-9 MM,S I75 AT 2-9 MM
432,34.0,WESTWOOD,3,201905,THU,1,3,39.142671,1 - DAYLIGHT,-84.618621,9 - UNKNOWN,01 - DRY,WESTWOOD,99 - UNKNOWN OR HIT/SKIP,1 - CLEAR,45211,2023-04-06,4:45:00.000,Thu,Full Moon,Libra,Cardinal,Air,Masculine,Skin,Venus,60, GLENWAY AV
433,71.0,NORTHSIDE,3,201905,THU,1,3,39.159711,1 - DAYLIGHT,-84.538555,"7 - SIDESWIPE, SAME DIRECTION",01 - DRY,NORTHSIDE,01 - PASSENGER CAR,2 - CLOUDY,45223,2023-04-06,5:47:00.000,Thu,Full Moon,Libra,Cardinal,Air,Masculine,Skin,Venus,15, BLUE ROCK ST
434,55.0,NORTHSIDE,3,201905,THU,0,3,39.159621,1 - DAYLIGHT,-84.537755,"7 - SIDESWIPE, SAME DIRECTION",01 - DRY,NORTHSIDE,01 - PASSENGER CAR,2 - CLOUDY,45223,2023-04-06,5:47:00.000,Thu,Full Moon,Libra,Cardinal,Air,Masculine,Skin,Venus,15, BLUE ROCK ST
435,25.0,CUF - HEIGHTS,3,201905,THU,1,3,39.128311,1 - DAYLIGHT,-84.519481,6 - ANGLE,01 - DRY,CUF,01 - PASSENGER CAR,1 - CLEAR,45221,2023-04-06,3:00:00.000,Thu,Full Moon,Libra,Cardinal,Air,Masculine,Skin,Venus,25, W CLIFTON AV
436,20.0,CUF - HEIGHTS,3,201905,THU,1,3,39.128241,1 - DAYLIGHT,-84.518851,6 - ANGLE,01 - DRY,CUF,01 - PASSENGER CAR,1 - CLEAR,45221,2023-04-06,3:00:00.000,Thu,Full Moon,Libra,Cardinal,Air,Masculine,Skin,Venus,25, W CLIFTON AV
437,7.0,SPRING GROVE VILLAGE,2,201904,THU,0,2,39.164681,1 - DAYLIGHT,-84.511551,"7 - SIDESWIPE, SAME DIRECTION",01 - DRY,SPRING GROVE VILLAGE,01 - PASSENGER CAR,2 - CLOUDY,45232,2023-04-06,4:44:00.000,Thu,Full Moon,Libra,Cardinal,Air,Masculine,Skin,Venus,2, W MITCHELL AV
438,48.0,SPRING GROVE VILLAGE,2,201904,THU,0,3,39.165271,1 - DAYLIGHT,-84.511661,"7 - SIDESWIPE, SAME DIRECTION",01 - DRY,SPRING GROVE VILLAGE,03 - SPORT UTILITY VEHICLE,2 - CLOUDY,45232,2023-04-06,4:44:00.000,Thu,Full Moon,Libra,Cardinal,Air,Masculine,Skin,Venus,2, W MITCHELL AV
439,55.0,SPRING GROVE VILLAGE,2,201904,THU,0,3,39.164701,1 - DAYLIGHT,-84.512021,"7 - SIDESWIPE, SAME DIRECTION",01 - DRY,SPRING GROVE VILLAGE,01 - PASSENGER CAR,2 - CLOUDY,45232,2023-04-06,4:44:00.000,Thu,Full Moon,Libra,Cardinal,Air,Masculine,Skin,Venus,2, W MITCHELL AV
440,44.0,SPRING GROVE VILLAGE,2,201904,THU,0,3,39.164331,1 - DAYLIGHT,-84.511831,"7 - SIDESWIPE, SAME DIRECTION",01 - DRY,SPRING GROVE VILLAGE,01 - PASSENGER CAR,2 - CLOUDY,45232,2023-04-06,4:44:00.000,Thu,Full Moon,Libra,Cardinal,Air,Masculine,Skin,Venus,2, W MITCHELL AV
441,17.0,SPRING GROVE VILLAGE,2,201904,THU,1,3,39.164671,1 - DAYLIGHT,-84.512471,"7 - SIDESWIPE, SAME DIRECTION",01 - DRY,SPRING GROVE VILLAGE,03 - SPORT UTILITY VEHICLE,2 - CLOUDY,45232,2023-04-06,4:44:00.000,Thu,Full Moon,Libra,Cardinal,Air,Masculine,Skin,Venus,2, W MITCHELL AV
442,24.0,BOND HILL,3,201905,THU,1,3,39.170551,1 - DAYLIGHT,-84.468741,6 - ANGLE,01 - DRY,BOND HILL,01 - PASSENGER CAR,2 - CLOUDY,45237,2023-04-06,4:31:00.000,Thu,Full Moon,Libra,Cardinal,Air,Masculine,Skin,Venus,X W NORWOOD LATERAL,X W NORWOOD LATERAL
443,17.0,BOND HILL,3,201905,THU,0,3,39.169411,1 - DAYLIGHT,-84.468831,6 - ANGLE,01 - DRY,BOND HILL,01 - PASSENGER CAR,2 - CLOUDY,45237,2023-04-06,4:31:00.000,Thu,Full Moon,Libra,Cardinal,Air,Masculine,Skin,Venus,X W NORWOOD LATERAL,X W NORWOOD LATERAL
444,31.0,EVANSTON,3,201905,THU,0,3,39.141831,1 - DAYLIGHT,-84.471733,2 - REAR-END,01 - DRY,EVANSTON,01 - PASSENGER CAR,2 - CLOUDY,45207,2023-04-06,4:10:00.000,Thu,Full Moon,Libra,Cardinal,Air,Masculine,Skin,Venus,17, DUCK CREEK RD
445,31.0,EVANSTON,3,201905,THU,0,3,39.141531,1 - DAYLIGHT,-84.470873,2 - REAR-END,01 - DRY,EVANSTON,01 - PASSENGER CAR,2 - CLOUDY,45207,2023-04-06,4:10:00.000,Thu,Full Moon,Libra,Cardinal,Air,Masculine,Skin,Venus,17, DUCK CREEK RD
446,52.0,EVANSTON,3,201905,THU,1,3,39.142951,1 - DAYLIGHT,-84.471363,2 - REAR-END,01 - DRY,EVANSTON,01 - PASSENGER CAR,2 - CLOUDY,45207,2023-04-06,4:10:00.000,Thu,Full Moon,Libra,Cardinal,Air,Masculine,Skin,Venus,17, DUCK CREEK RD
447,66.0,CLIFTON,3,201905,THU,1,3,39.150817,1 - DAYLIGHT,-84.511567,2 - REAR-END,01 - DRY,CLIFTON,01 - PASSENGER CAR,2 - CLOUDY,45220,2023-04-06,3:19:00.000,Thu,Full Moon,Libra,Cardinal,Air,Masculine,Skin,Venus,34, VINE ST
448,35.0,CLIFTON,3,201905,THU,1,3,39.150447,1 - DAYLIGHT,-84.511107,2 - REAR-END,01 - DRY,CLIFTON,01 - PASSENGER CAR,2 - CLOUDY,45220,2023-04-06,3:19:00.000,Thu,Full Moon,Libra,Cardinal,Air,Masculine,Skin,Venus,34, VINE ST
449,39.0,MOUNT AUBURN,3,201905,THU,0,3,39.112954,1 - DAYLIGHT,-84.50984,6 - ANGLE,01 - DRY,MT. AUBURN,01 - PASSENGER CAR,2 - CLOUDY,45202,2023-04-06,2:57:00.000,Thu,Full Moon,Libra,Cardinal,Air,Masculine,Skin,Venus,16, SYCAMORE ST
450,41.0,MOUNT AUBURN,3,201905,THU,1,3,39.113294,1 - DAYLIGHT,-84.51095,6 - ANGLE,01 - DRY,MT. AUBURN,01 - PASSENGER CAR,2 - CLOUDY,45202,2023-04-06,2:57:00.000,Thu,Full Moon,Libra,Cardinal,Air,Masculine,Skin,Venus,16, SYCAMORE ST
451,38.0,CLIFTON,3,201905,THU,1,3,39.144831,1 - DAYLIGHT,-84.519561,"7 - SIDESWIPE, SAME DIRECTION",01 - DRY,CLIFTON,01 - PASSENGER CAR,2 - CLOUDY,45220,2023-04-06,2:45:00.000,Thu,Full Moon,Libra,Cardinal,Air,Masculine,Skin,Venus,3, BRYANT AV
452,22.0,CLIFTON,3,201905,THU,0,3,39.145081,1 - DAYLIGHT,-84.520191,"7 - SIDESWIPE, SAME DIRECTION",01 - DRY,CLIFTON,01 - PASSENGER CAR,2 - CLOUDY,45220,2023-04-06,2:45:00.000,Thu,Full Moon,Libra,Cardinal,Air,Masculine,Skin,Venus,3, BRYANT AV
453,32.0,NORTH AVONDALE,2,201904,THU,1,2,39.156055,1 - DAYLIGHT,-84.484803,1 - NOT COLLISION BETWEEN TWO MOTOR VEHICLES IN TRANSPORT,01 - DRY,NORTH AVONDALE - PADDOCK HILLS,03 - SPORT UTILITY VEHICLE,4 - RAIN,45229,2023-04-06,2:22:00.000,Thu,Full Moon,Libra,Cardinal,Air,Masculine,Skin,Venus,8, E MITCHELL AV
454,32.0,EAST WESTWOOD,3,201905,THU,1,3,39.145987,1 - DAYLIGHT,-84.565506,"7 - SIDESWIPE, SAME DIRECTION",01 - DRY,EAST WESTWOOD,01 - PASSENGER CAR,2 - CLOUDY,45225,2023-04-06,2:06:00.000,Thu,Full Moon,Libra,Cardinal,Air,Masculine,Skin,Venus,21, WESTWOOD NORTHERN BV
455,65.0,EAST WESTWOOD,3,201905,THU,1,3,39.144497,1 - DAYLIGHT,-84.564586,"7 - SIDESWIPE, SAME DIRECTION",01 - DRY,EAST WESTWOOD,01 - PASSENGER CAR,2 - CLOUDY,45225,2023-04-06,2:06:00.000,Thu,Full Moon,Libra,Cardinal,Air,Masculine,Skin,Venus,21, WESTWOOD NORTHERN BV
456,56.0,COLUMBIA TUSCULUM,1,201903,THU,1,1,39.121468,1 - DAYLIGHT,-84.435998,1 - NOT COLLISION BETWEEN TWO MOTOR VEHICLES IN TRANSPORT,01 - DRY,COLUMBIA TUSCULUM,01 - PASSENGER CAR,2 - CLOUDY,45226,2023-04-06,1:47:00.000,Thu,Full Moon,Libra,Cardinal,Air,Masculine,Skin,Venus,5, DELTA AV
457,54.0,SPRING GROVE VILLAGE,3,201905,THU,0,3,39.165571,1 - DAYLIGHT,-84.519125,2 - REAR-END,01 - DRY,SPRING GROVE VILLAGE,19 - BUS (16+ PASSENGERS),1 - CLEAR,45232,2023-04-06,1:40:00.000,Thu,Full Moon,Libra,Cardinal,Air,Masculine,Skin,Venus,46, SPRING GROVE AV
458,26.0,SPRING GROVE VILLAGE,3,201905,THU,0,3,39.165361,1 - DAYLIGHT,-84.518705,2 - REAR-END,01 - DRY,SPRING GROVE VILLAGE,03 - SPORT UTILITY VEHICLE,1 - CLEAR,45232,2023-04-06,1:40:00.000,Thu,Full Moon,Libra,Cardinal,Air,Masculine,Skin,Venus,46, SPRING GROVE AV
459,18.0,BOND HILL,3,201905,WED,1,3,39.177945,1 - DAYLIGHT,-84.486756,2 - REAR-END,02 - WET,BOND HILL,01 - PASSENGER CAR,4 - RAIN,45237,2023-04-05,4:40:00.000,Wed,Waxing Gibbous Moon,Libra,Cardinal,Air,Masculine,Skin,Venus,N I75 AT 8-4 MM,N I75 AT 8-4 MM
460,31.0,BOND HILL,3,201905,WED,1,3,39.178705,1 - DAYLIGHT,-84.486016,2 - REAR-END,02 - WET,BOND HILL,04 - PICK UP,4 - RAIN,45237,2023-04-05,4:40:00.000,Wed,Waxing Gibbous Moon,Libra,Cardinal,Air,Masculine,Skin,Venus,N I75 AT 8-4 MM,N I75 AT 8-4 MM
461,34.0,BOND HILL,3,201905,WED,1,3,39.179685,1 - DAYLIGHT,-84.487216,2 - REAR-END,02 - WET,BOND HILL,99 - UNKNOWN OR HIT/SKIP,4 - RAIN,45237,2023-04-05,4:40:00.000,Wed,Waxing Gibbous Moon,Libra,Cardinal,Air,Masculine,Skin,Venus,N I75 AT 8-4 MM,N I75 AT 8-4 MM
462,34.0,OTR,3,201905,WED,1,3,39.116971,1 - DAYLIGHT,-84.521921,1 - NOT COLLISION BETWEEN TWO MOTOR VEHICLES IN TRANSPORT,09 - UNKNOWN,OVER-THE-RHINE,99 - UNKNOWN OR HIT/SKIP,99 - OTHER/UNKNOWN,45202,2023-04-05,7:00:00.000,Wed,Waxing Gibbous Moon,Libra,Cardinal,Air,Masculine,Skin,Venus,19, DUNLAP ST
463,4.0,WESTWOOD,3,201905,THU,0,3,39.141641,2 - DAWN,-84.612581,"7 - SIDESWIPE, SAME DIRECTION",01 - DRY,WESTWOOD,01 - PASSENGER CAR,2 - CLOUDY,45211,2023-04-06,7:40:00.000,Thu,Full Moon,Libra,Cardinal,Air,Masculine,Skin,Venus,32, HANNA AV
464,24.0,WESTWOOD,3,201905,THU,0,3,39.142861,2 - DAWN,-84.611831,"7 - SIDESWIPE, SAME DIRECTION",01 - DRY,WESTWOOD,01 - PASSENGER CAR,2 - CLOUDY,45211,2023-04-06,7:40:00.000,Thu,Full Moon,Libra,Cardinal,Air,Masculine,Skin,Venus,32, HANNA AV
465,39.0,WESTWOOD,3,201905,THU,1,3,39.141821,2 - DAWN,-84.611811,"7 - SIDESWIPE, SAME DIRECTION",01 - DRY,WESTWOOD,14 - SINGLE UNIT TRUCK,2 - CLOUDY,45211,2023-04-06,7:40:00.000,Thu,Full Moon,Libra,Cardinal,Air,Masculine,Skin,Venus,32, HANNA AV
466,7.0,WESTWOOD,3,201905,THU,0,3,39.142361,2 - DAWN,-84.612131,"7 - SIDESWIPE, SAME DIRECTION",01 - DRY,WESTWOOD,01 - PASSENGER CAR,2 - CLOUDY,45211,2023-04-06,7:40:00.000,Thu,Full Moon,Libra,Cardinal,Air,Masculine,Skin,Venus,32, HANNA AV
467,5.0,WESTWOOD,3,201905,THU,1,3,39.142701,2 - DAWN,-84.613371,"7 - SIDESWIPE, SAME DIRECTION",01 - DRY,WESTWOOD,01 - PASSENGER CAR,2 - CLOUDY,45211,2023-04-06,7:40:00.000,Thu,Full Moon,Libra,Cardinal,Air,Masculine,Skin,Venus,32, HANNA AV
468,28.0,EVANSTON,3,201905,THU,0,3,39.144226,2 - DAWN,-84.478753,"7 - SIDESWIPE, SAME DIRECTION",01 - DRY,EVANSTON,01 - PASSENGER CAR,2 - CLOUDY,45214,2023-04-06,7:20:00.000,Thu,Full Moon,Libra,Cardinal,Air,Masculine,Skin,Venus,N I71 AT 4-7 MM,N I71 AT 4-7 MM
469,40.0,EVANSTON,3,201905,THU,1,3,39.144536,2 - DAWN,-84.480653,"7 - SIDESWIPE, SAME DIRECTION",01 - DRY,EVANSTON,04 - PICK UP,2 - CLOUDY,45214,2023-04-06,7:20:00.000,Thu,Full Moon,Libra,Cardinal,Air,Masculine,Skin,Venus,N I71 AT 4-7 MM,N I71 AT 4-7 MM
470,44.0,LINWOOD,3,201905,THU,0,3,39.118804,3 - DARK - LIGHTED ROADWAY,-84.413769,6 - ANGLE,01 - DRY,LINWOOD,03 - SPORT UTILITY VEHICLE,1 - CLEAR,45226,2023-04-06,6:30:00.000,Thu,Full Moon,Libra,Cardinal,Air,Masculine,Skin,Venus,48, BEECHMONT AV
471,39.0,LINWOOD,3,201905,THU,1,3,39.118944,3 - DARK - LIGHTED ROADWAY,-84.412469,6 - ANGLE,01 - DRY,LINWOOD,04 - PICK UP,1 - CLEAR,45226,2023-04-06,6:30:00.000,Thu,Full Moon,Libra,Cardinal,Air,Masculine,Skin,Venus,48, BEECHMONT AV
472,37.0,SOUTH FAIRMOUNT,2,201904,THU,0,2,39.126331,3 - DARK - LIGHTED ROADWAY,-84.548653,6 - ANGLE,01 - DRY,SOUTH FAIRMOUNT,01 - PASSENGER CAR,1 - CLEAR,45214,2023-04-06,2:00:00.000,Thu,Full Moon,Libra,Cardinal,Air,Masculine,Skin,Venus,15, HARRISON AV
473,39.0,SOUTH FAIRMOUNT,2,201904,THU,1,3,39.126221,3 - DARK - LIGHTED ROADWAY,-84.549023,6 - ANGLE,01 - DRY,SOUTH FAIRMOUNT,01 - PASSENGER CAR,1 - CLEAR,45214,2023-04-06,2:00:00.000,Thu,Full Moon,Libra,Cardinal,Air,Masculine,Skin,Venus,15, HARRISON AV
474,37.0,SOUTH FAIRMOUNT,2,201904,THU,0,3,39.126001,3 - DARK - LIGHTED ROADWAY,-84.548093,6 - ANGLE,01 - DRY,SOUTH FAIRMOUNT,01 - PASSENGER CAR,1 - CLEAR,45214,2023-04-06,2:00:00.000,Thu,Full Moon,Libra,Cardinal,Air,Masculine,Skin,Venus,15, HARRISON AV
475,52.0,EAST PRICE HILL,3,201905,THU,1,3,39.112291,3 - DARK - LIGHTED ROADWAY,-84.564201,1 - NOT COLLISION BETWEEN TWO MOTOR VEHICLES IN TRANSPORT,01 - DRY,EAST PRICE HILL,03 - SPORT UTILITY VEHICLE,1 - CLEAR,45205,2023-04-06,0:58:00.000,Thu,Full Moon,Libra,Cardinal,Air,Masculine,Skin,Venus,11, PURCELL AV
476,34.0,SOUTH FAIRMOUNT,2,201904,WED,1,3,39.126988,3 - DARK - LIGHTED ROADWAY,-84.554144,6 - ANGLE,02 - WET,SOUTH FAIRMOUNT,01 - PASSENGER CAR,4 - RAIN,45214,2023-04-05,3:30:16.000,Wed,Waxing Gibbous Moon,Libra,Cardinal,Air,Masculine,Skin,Venus,16, HARRISON AV
477,21.0,SOUTH FAIRMOUNT,2,201904,WED,0,2,39.128288,3 - DARK - LIGHTED ROADWAY,-84.553044,6 - ANGLE,02 - WET,SOUTH FAIRMOUNT,01 - PASSENGER CAR,4 - RAIN,45214,2023-04-05,3:30:16.000,Wed,Waxing Gibbous Moon,Libra,Cardinal,Air,Masculine,Skin,Venus,16, HARRISON AV
478,34.0,SOUTH FAIRMOUNT,2,201904,WED,1,3,39.127248,3 - DARK - LIGHTED ROADWAY,-84.553244,6 - ANGLE,02 - WET,SOUTH FAIRMOUNT,01 - PASSENGER CAR,4 - RAIN,45214,2023-04-05,3:30:16.000,Wed,Waxing Gibbous Moon,Libra,Cardinal,Air,Masculine,Skin,Venus,16, HARRISON AV
479,31.0,PENDLETON,3,201905,WED,1,3,39.107166,3 - DARK - LIGHTED ROADWAY,-84.509782,6 - ANGLE,02 - WET,PENDLETON,01 - PASSENGER CAR,4 - RAIN,45202,2023-04-05,3:08:00.000,Wed,Waxing Gibbous Moon,Libra,Cardinal,Air,Masculine,Skin,Venus,11, SYCAMORE ST
480,38.0,PENDLETON,3,201905,WED,1,3,39.107946,3 - DARK - LIGHTED ROADWAY,-84.509242,6 - ANGLE,02 - WET,PENDLETON,01 - PASSENGER CAR,4 - RAIN,45202,2023-04-05,3:08:00.000,Wed,Waxing Gibbous Moon,Libra,Cardinal,Air,Masculine,Skin,Venus,11, SYCAMORE ST
481,58.0,MOUNT AIRY,3,201905,WED,0,3,39.202851,3 - DARK - LIGHTED ROADWAY,-84.567241,1 - NOT COLLISION BETWEEN TWO MOTOR VEHICLES IN TRANSPORT,02 - WET,MT. AIRY,01 - PASSENGER CAR,4 - RAIN,45239,2023-04-05,2:29:00.000,Wed,Waxing Gibbous Moon,Libra,Cardinal,Air,Masculine,Skin,Venus,22, BANNING RD
482,20.0,CORRYVILLE,3,201905,WED,0,3,39.129035,3 - DARK - LIGHTED ROADWAY,-84.508515,5 - BACKING,02 - WET,CORRYVILLE,01 - PASSENGER CAR,4 - RAIN,45219,2023-04-05,8:14:00.000,Wed,Waxing Gibbous Moon,Libra,Cardinal,Air,Masculine,Skin,Venus,26, VINE ST
483,34.0,CORRYVILLE,3,201905,WED,1,3,39.128875,3 - DARK - LIGHTED ROADWAY,-84.510155,5 - BACKING,02 - WET,CORRYVILLE,03 - SPORT UTILITY VEHICLE,4 - RAIN,45219,2023-04-05,8:14:00.000,Wed,Waxing Gibbous Moon,Libra,Cardinal,Air,Masculine,Skin,Venus,26, VINE ST
484,25.0,AVONDALE,3,201905,WED,1,3,39.134365,3 - DARK - LIGHTED ROADWAY,-84.498267,6 - ANGLE,02 - WET,AVONDALE,01 - PASSENGER CAR,4 - RAIN,45229,2023-04-05,1:20:00.000,Wed,Waxing Gibbous Moon,Libra,Cardinal,Air,Masculine,Skin,Venus,31, HARVEY AV
485,34.0,AVONDALE,3,201905,WED,1,3,39.135175,3 - DARK - LIGHTED ROADWAY,-84.498347,6 - ANGLE,02 - WET,AVONDALE,01 - PASSENGER CAR,4 - RAIN,45229,2023-04-05,1:20:00.000,Wed,Waxing Gibbous Moon,Libra,Cardinal,Air,Masculine,Skin,Venus,31, HARVEY AV
486,20.0,CORRYVILLE,3,201905,WED,1,3,39.136389,3 - DARK - LIGHTED ROADWAY,-84.506249,6 - ANGLE,02 - WET,CORRYVILLE,01 - PASSENGER CAR,4 - RAIN,45219,2023-04-05,0:50:00.000,Wed,Waxing Gibbous Moon,Libra,Cardinal,Air,Masculine,Skin,Venus,5, E MARTIN LUTHER KING DR
487,21.0,CORRYVILLE,3,201905,WED,1,3,39.135959,3 - DARK - LIGHTED ROADWAY,-84.504809,6 - ANGLE,02 - WET,CORRYVILLE,01 - PASSENGER CAR,4 - RAIN,45219,2023-04-05,0:50:00.000,Wed,Waxing Gibbous Moon,Libra,Cardinal,Air,Masculine,Skin,Venus,5, E MARTIN LUTHER KING DR
488,24.0,AVONDALE,3,201905,THU,0,3,39.147149,1 - DAYLIGHT,-84.511879,"7 - SIDESWIPE, SAME DIRECTION",01 - DRY,AVONDALE,01 - PASSENGER CAR,1 - CLEAR,45220,2023-04-20,6:26:07.000,Thu,Solar Eclipse,Taurus,Fixed,Earth,Feminine,Neck,Venus,35, VINE ST
489,34.0,OTR,3,201905,WED,1,3,39.115231,9 - UNKNOWN,-84.512911,"7 - SIDESWIPE, SAME DIRECTION",09 - UNKNOWN,OVER-THE-RHINE,99 - UNKNOWN OR HIT/SKIP,99 - OTHER/UNKNOWN,45202,2023-04-19,6:20:57.000,Wed,Waning Crescent Moon,Aries,Cardinal,Fire,Masculine,Head,Mars,2, E CLIFTON
490,50.0,CORRYVILLE,3,201905,THU,1,3,39.134942,1 - DAYLIGHT,-84.500951,2 - REAR-END,01 - DRY,CORRYVILLE,01 - PASSENGER CAR,1 - CLEAR,45219,2023-04-20,6:20:00.000,Thu,Solar Eclipse,Taurus,Fixed,Earth,Feminine,Neck,Venus,4, W  KING DR
491,26.0,CORRYVILLE,3,201905,THU,0,3,39.135162,1 - DAYLIGHT,-84.502531,2 - REAR-END,01 - DRY,CORRYVILLE,01 - PASSENGER CAR,1 - CLEAR,45219,2023-04-20,6:20:00.000,Thu,Solar Eclipse,Taurus,Fixed,Earth,Feminine,Neck,Venus,4, W  KING DR
492,36.0,WESTWOOD,2,201904,THU,1,2,39.128431,1 - DAYLIGHT,-84.606921,6 - ANGLE,01 - DRY,WESTWOOD,04 - PICK UP,1 - CLEAR,45238,2023-04-20,6:00:18.000,Thu,Solar Eclipse,Taurus,Fixed,Earth,Feminine,Neck,Venus,50, CROOKSHANK RD
493,61.0,WESTWOOD,2,201904,THU,0,3,39.127311,1 - DAYLIGHT,-84.606981,6 - ANGLE,01 - DRY,WESTWOOD,01 - PASSENGER CAR,1 - CLEAR,45238,2023-04-20,6:00:18.000,Thu,Solar Eclipse,Taurus,Fixed,Earth,Feminine,Neck,Venus,50, CROOKSHANK RD
494,14.0,WESTWOOD,2,201904,THU,1,3,39.127851,1 - DAYLIGHT,-84.608501,6 - ANGLE,01 - DRY,WESTWOOD,04 - PICK UP,1 - CLEAR,45238,2023-04-20,6:00:18.000,Thu,Solar Eclipse,Taurus,Fixed,Earth,Feminine,Neck,Venus,50, CROOKSHANK RD
495,49.0,EAST PRICE HILL,3,201905,THU,1,3,39.109521,1 - DAYLIGHT,-84.566441,2 - REAR-END,01 - DRY,EAST PRICE HILL,01 - PASSENGER CAR,1 - CLEAR,45205,2023-04-20,5:55:00.000,Thu,Solar Eclipse,Taurus,Fixed,Earth,Feminine,Neck,Venus,34, WARSAW AV
496,66.0,EAST PRICE HILL,3,201905,THU,1,3,39.109041,1 - DAYLIGHT,-84.565841,2 - REAR-END,01 - DRY,EAST PRICE HILL,01 - PASSENGER CAR,1 - CLEAR,45205,2023-04-20,5:55:00.000,Thu,Solar Eclipse,Taurus,Fixed,Earth,Feminine,Neck,Venus,34, WARSAW AV