,age,community_council_neighborhood,crashseverity,crashseverityid,dayofweek,gender,injuries,latitude_x,lightconditionsprimary,longitude_x,mannerofcrash,roadconditionsprimary,sna_neighborhood,unittype,weather,zip,date,time,day,moon_phase,moon_sign,modality,element,masc_fem,body_part,ruling_planet,hundred_block,road
641,23.0,CORRYVILLE - HEIGHTS,3,201905,WED,1,3,39.131428,1 - DAYLIGHT,-84.510226,1 - NOT COLLISION BETWEEN TWO MOTOR VEHICLES IN TRANSPORT,01 - DRY,CUF,03 - SPORT UTILITY VEHICLE,1 - CLEAR,45221,2023-04-19,7:00:00.000,Wed,Waning Crescent Moon,Aries,Cardinal,Fire,Masculine,Head,Mars,27, JEFFERSON AV
642,33.0,CLIFTON - SPRING GROVE VILLAGE,3,201905,WED,1,3,39.161611,1 - DAYLIGHT,-84.521171,6 - ANGLE,01 - DRY,CLIFTON,15 - SEMI-TRACTOR,1 - CLEAR,45223,2023-04-19,7:25:28.000,Wed,Waning Crescent Moon,Aries,Cardinal,Fire,Masculine,Head,Mars,S I75 AT 5-7 MM,S I75 AT 5-7 MM
643,17.0,CLIFTON - SPRING GROVE VILLAGE,3,201905,WED,1,3,39.160831,1 - DAYLIGHT,-84.521201,6 - ANGLE,01 - DRY,CLIFTON,01 - PASSENGER CAR,1 - CLEAR,45223,2023-04-19,7:25:28.000,Wed,Waning Crescent Moon,Aries,Cardinal,Fire,Masculine,Head,Mars,S I75 AT 5-7 MM,S I75 AT 5-7 MM
644,37.0,NORTH AVONDALE,3,201905,WED,0,3,39.156602,1 - DAYLIGHT,-84.479458,2 - REAR-END,01 - DRY,NORTH AVONDALE - PADDOCK HILLS,01 - PASSENGER CAR,1 - CLEAR,45229,2023-04-19,4:27:00.000,Wed,Waning Crescent Moon,Aries,Cardinal,Fire,Masculine,Head,Mars,39, READING RD
645,60.0,NORTH AVONDALE,3,201905,WED,0,3,39.155722,1 - DAYLIGHT,-84.480868,2 - REAR-END,01 - DRY,NORTH AVONDALE - PADDOCK HILLS,01 - PASSENGER CAR,1 - CLEAR,45229,2023-04-19,4:27:00.000,Wed,Waning Crescent Moon,Aries,Cardinal,Fire,Masculine,Head,Mars,39, READING RD
646,61.0,DOWNTOWN,3,201905,WED,1,3,39.104268,1 - DAYLIGHT,-84.505425,6 - ANGLE,01 - DRY,DOWNTOWN,04 - PICK UP,1 - CLEAR,45202,2023-04-19,6:13:00.000,Wed,Waning Crescent Moon,Aries,Cardinal,Fire,Masculine,Head,Mars,S I71 AT 1-5 MM,S I71 AT 1-5 MM
647,29.0,DOWNTOWN,3,201905,WED,1,3,39.103678,1 - DAYLIGHT,-84.504565,6 - ANGLE,01 - DRY,DOWNTOWN,01 - PASSENGER CAR,1 - CLEAR,45202,2023-04-19,6:13:00.000,Wed,Waning Crescent Moon,Aries,Cardinal,Fire,Masculine,Head,Mars,S I71 AT 1-5 MM,S I71 AT 1-5 MM
648,58.0,PLEASANT RIDGE,3,201905,WED,0,3,39.179906,1 - DAYLIGHT,-84.419736,6 - ANGLE,01 - DRY,PLEASANT RIDGE,01 - PASSENGER CAR,1 - CLEAR,45213,2023-04-19,6:25:00.000,Wed,Waning Crescent Moon,Aries,Cardinal,Fire,Masculine,Head,Mars,34, WOODFORD RD
649,71.0,PLEASANT RIDGE,3,201905,WED,0,3,39.179946,1 - DAYLIGHT,-84.420396,6 - ANGLE,01 - DRY,PLEASANT RIDGE,03 - SPORT UTILITY VEHICLE,1 - CLEAR,45213,2023-04-19,6:25:00.000,Wed,Waning Crescent Moon,Aries,Cardinal,Fire,Masculine,Head,Mars,34, WOODFORD RD
650,68.0,CLIFTON,1,201903,WED,1,1,39.141271,1 - DAYLIGHT,-84.530621,1 - NOT COLLISION BETWEEN TWO MOTOR VEHICLES IN TRANSPORT,01 - DRY,CLIFTON,25 - OTHER NON-MOTORIST,1 - CLEAR,45220,2023-04-19,6:24:00.000,Wed,Waning Crescent Moon,Aries,Cardinal,Fire,Masculine,Head,Mars,7, CLIFTON COLONY DR
651,19.0,CLIFTON,1,201903,WED,1,3,39.140321,1 - DAYLIGHT,-84.529761,1 - NOT COLLISION BETWEEN TWO MOTOR VEHICLES IN TRANSPORT,01 - DRY,CLIFTON,01 - PASSENGER CAR,1 - CLEAR,45220,2023-04-19,6:24:00.000,Wed,Waning Crescent Moon,Aries,Cardinal,Fire,Masculine,Head,Mars,7, CLIFTON COLONY DR
652,34.0,ROSELAWN,3,201905,WED,1,3,39.192567,1 - DAYLIGHT,-84.476521,"7 - SIDESWIPE, SAME DIRECTION",01 - DRY,ROSELAWN,03 - SPORT UTILITY VEHICLE,2 - CLOUDY,45237,2023-04-19,6:00:00.000,Wed,Waning Crescent Moon,Aries,Cardinal,Fire,Masculine,Head,Mars,N I75 AT 9-4 MM,N I75 AT 9-4 MM
653,35.0,ROSELAWN,3,201905,WED,1,3,39.192737,1 - DAYLIGHT,-84.476211,"7 - SIDESWIPE, SAME DIRECTION",01 - DRY,ROSELAWN,01 - PASSENGER CAR,2 - CLOUDY,45237,2023-04-19,6:00:00.000,Wed,Waning Crescent Moon,Aries,Cardinal,Fire,Masculine,Head,Mars,N I75 AT 9-4 MM,N I75 AT 9-4 MM
654,60.0,OAKLEY,3,201905,WED,1,3,39.153141,1 - DAYLIGHT,-84.432291,"7 - SIDESWIPE, SAME DIRECTION",01 - DRY,OAKLEY,01 - PASSENGER CAR,1 - CLEAR,45209,2023-04-19,6:00:00.000,Wed,Waning Crescent Moon,Aries,Cardinal,Fire,Masculine,Head,Mars,30, MADISON RD
655,22.0,WALNUT HILLS,3,201905,WED,1,3,39.125935,1 - DAYLIGHT,-84.497645,2 - REAR-END,01 - DRY,WALNUT HILLS,04 - PICK UP,1 - CLEAR,45202,2023-04-19,6:16:00.000,Wed,Waning Crescent Moon,Aries,Cardinal,Fire,Masculine,Head,Mars,S I71 AT 3-0 MM,S I71 AT 3-0 MM
656,69.0,WALNUT HILLS,3,201905,WED,0,3,39.125015,1 - DAYLIGHT,-84.497055,2 - REAR-END,01 - DRY,WALNUT HILLS,01 - PASSENGER CAR,1 - CLEAR,45202,2023-04-19,6:16:00.000,Wed,Waning Crescent Moon,Aries,Cardinal,Fire,Masculine,Head,Mars,S I71 AT 3-0 MM,S I71 AT 3-0 MM
657,34.0,WEST END,3,201905,WED,1,3,39.113731,1 - DAYLIGHT,-84.529901,9 - UNKNOWN,01 - DRY,WEST END,99 - UNKNOWN OR HIT/SKIP,1 - CLEAR,45214,2023-04-19,5:55:00.000,Wed,Waning Crescent Moon,Aries,Cardinal,Fire,Masculine,Head,Mars,8, W LIBERTY ST
658,31.0,PLEASANT RIDGE,3,201905,WED,0,3,39.177271,1 - DAYLIGHT,-84.427901,2 - REAR-END,01 - DRY,PLEASANT RIDGE,01 - PASSENGER CAR,1 - CLEAR,45213,2023-04-19,5:30:00.000,Wed,Waning Crescent Moon,Aries,Cardinal,Fire,Masculine,Head,Mars,57, RIDGE AV
659,16.0,PLEASANT RIDGE,3,201905,WED,0,3,39.176251,1 - DAYLIGHT,-84.426911,2 - REAR-END,01 - DRY,PLEASANT RIDGE,01 - PASSENGER CAR,1 - CLEAR,45213,2023-04-19,5:30:00.000,Wed,Waning Crescent Moon,Aries,Cardinal,Fire,Masculine,Head,Mars,57, RIDGE AV
660,65.0,PLEASANT RIDGE,3,201905,WED,0,3,39.177561,1 - DAYLIGHT,-84.426771,2 - REAR-END,01 - DRY,PLEASANT RIDGE,01 - PASSENGER CAR,1 - CLEAR,45213,2023-04-19,5:30:00.000,Wed,Waning Crescent Moon,Aries,Cardinal,Fire,Masculine,Head,Mars,57, RIDGE AV
661,71.0,WESTWOOD,3,201905,WED,0,3,39.155011,1 - DAYLIGHT,-84.603355,2 - REAR-END,01 - DRY,WESTWOOD,01 - PASSENGER CAR,1 - CLEAR,45211,2023-04-19,4:49:00.000,Wed,Waning Crescent Moon,Aries,Cardinal,Fire,Masculine,Head,Mars,36, BOUDINOT AV
662,89.0,WESTWOOD,3,201905,WED,0,3,39.154321,1 - DAYLIGHT,-84.603535,2 - REAR-END,01 - DRY,WESTWOOD,01 - PASSENGER CAR,1 - CLEAR,45211,2023-04-19,4:49:00.000,Wed,Waning Crescent Moon,Aries,Cardinal,Fire,Masculine,Head,Mars,36, BOUDINOT AV
663,24.0,WESTWOOD,3,201905,WED,1,3,39.155001,1 - DAYLIGHT,-84.603095,2 - REAR-END,01 - DRY,WESTWOOD,01 - PASSENGER CAR,1 - CLEAR,45211,2023-04-19,4:49:00.000,Wed,Waning Crescent Moon,Aries,Cardinal,Fire,Masculine,Head,Mars,36, BOUDINOT AV
664,34.0,OTR,3,201905,TUE,1,3,39.112131,9 - UNKNOWN,-84.517041,9 - UNKNOWN,09 - UNKNOWN,OVER-THE-RHINE,99 - UNKNOWN OR HIT/SKIP,99 - OTHER/UNKNOWN,45202,2023-04-18,7:15:00.000,Tue,Waning Crescent Moon,Aries,Cardinal,Fire,Masculine,Head,Mars,15, RACE ST
665,24.0,SEDAMSVILLE,3,201905,WED,0,3,39.088841,1 - DAYLIGHT,-84.570851,1 - NOT COLLISION BETWEEN TWO MOTOR VEHICLES IN TRANSPORT,01 - DRY,SEDAMSVILLE,01 - PASSENGER CAR,1 - CLEAR,45204,2023-04-19,3:25:00.000,Wed,Waning Crescent Moon,Aries,Cardinal,Fire,Masculine,Head,Mars,0, FAIRBANKS AV
666,34.0,DOWNTOWN,3,201905,TUE,0,3,39.106211,1 - DAYLIGHT,-84.512981,1 - NOT COLLISION BETWEEN TWO MOTOR VEHICLES IN TRANSPORT,01 - DRY,DOWNTOWN,03 - SPORT UTILITY VEHICLE,1 - CLEAR,45202,2023-04-18,2:48:00.000,Tue,Waning Crescent Moon,Aries,Cardinal,Fire,Masculine,Head,Mars,8, WALNUT ST
667,34.0,DOWNTOWN,3,201905,WED,1,3,39.104595,1 - DAYLIGHT,-84.510901,6 - ANGLE,01 - DRY,DOWNTOWN,01 - PASSENGER CAR,1 - CLEAR,45202,2023-04-19,1:35:00.000,Wed,Waning Crescent Moon,Aries,Cardinal,Fire,Masculine,Head,Mars,2, E 7TH ST
668,64.0,DOWNTOWN,3,201905,WED,0,3,39.105155,1 - DAYLIGHT,-84.509291,6 - ANGLE,01 - DRY,DOWNTOWN,01 - PASSENGER CAR,1 - CLEAR,45202,2023-04-19,1:35:00.000,Wed,Waning Crescent Moon,Aries,Cardinal,Fire,Masculine,Head,Mars,2, E 7TH ST
669,65.0,LOWER PRICE HILL,3,201905,WED,1,3,39.118438,1 - DAYLIGHT,-84.546751,5 - BACKING,01 - DRY,EAST PRICE HILL,04 - PICK UP,1 - CLEAR,45204,2023-04-19,0:57:00.000,Wed,Waning Crescent Moon,Aries,Cardinal,Fire,Masculine,Head,Mars,23, LEHMAN RD
670,39.0,LOWER PRICE HILL,3,201905,WED,0,3,39.118868,1 - DAYLIGHT,-84.547201,5 - BACKING,01 - DRY,EAST PRICE HILL,03 - SPORT UTILITY VEHICLE,1 - CLEAR,45204,2023-04-19,0:57:00.000,Wed,Waning Crescent Moon,Aries,Cardinal,Fire,Masculine,Head,Mars,23, LEHMAN RD
671,34.0,MOUNT ADAMS,3,201905,FRI,1,3,39.106407,2 - DAWN,-84.494297,6 - ANGLE,01 - DRY,MT. ADAMS,99 - UNKNOWN OR HIT/SKIP,1 - CLEAR,45202,2023-04-14,0:00:24.000,Fri,Waning Crescent Moon,Aquarius,Fixed,Air,Masculine,Legs,Uranus,10, HILL ST
672,59.0,LOWER PRICE HILL,3,201905,WED,1,3,39.102041,1 - DAYLIGHT,-84.543671,"7 - SIDESWIPE, SAME DIRECTION",01 - DRY,LOWER PRICE HILL,03 - SPORT UTILITY VEHICLE,1 - CLEAR,45204,2023-04-19,0:31:00.000,Wed,Waning Crescent Moon,Aries,Cardinal,Fire,Masculine,Head,Mars,12, W 6TH ST
673,68.0,LOWER PRICE HILL,3,201905,WED,0,3,39.100651,1 - DAYLIGHT,-84.544461,"7 - SIDESWIPE, SAME DIRECTION",01 - DRY,LOWER PRICE HILL,03 - SPORT UTILITY VEHICLE,1 - CLEAR,45204,2023-04-19,0:31:00.000,Wed,Waning Crescent Moon,Aries,Cardinal,Fire,Masculine,Head,Mars,12, W 6TH ST
674,34.0,LOWER PRICE HILL,3,201905,WED,1,3,39.101581,1 - DAYLIGHT,-84.544531,"7 - SIDESWIPE, SAME DIRECTION",01 - DRY,LOWER PRICE HILL,99 - UNKNOWN OR HIT/SKIP,1 - CLEAR,45204,2023-04-19,0:31:00.000,Wed,Waning Crescent Moon,Aries,Cardinal,Fire,Masculine,Head,Mars,12, W 6TH ST
675,34.0,CUF - HEIGHTS,3,201905,WED,1,3,39.135537,1 - DAYLIGHT,-84.522262,1 - NOT COLLISION BETWEEN TWO MOTOR VEHICLES IN TRANSPORT,01 - DRY,CUF,02 - PASSENGER VAN (MINIVAN),1 - CLEAR,45229,2023-04-19,0:06:00.000,Wed,Waning Crescent Moon,Aries,Cardinal,Fire,Masculine,Head,Mars,4, E KING DR
676,23.0,CORRYVILLE,3,201905,WED,0,3,39.135125,1 - DAYLIGHT,-84.503601,2 - REAR-END,01 - DRY,CORRYVILLE,03 - SPORT UTILITY VEHICLE,1 - CLEAR,45219,2023-04-19,9:05:00.000,Wed,Waning Crescent Moon,Aries,Cardinal,Fire,Masculine,Head,Mars,2, E KING DR
677,23.0,CORRYVILLE,3,201905,WED,1,3,39.136215,1 - DAYLIGHT,-84.504061,2 - REAR-END,01 - DRY,CORRYVILLE,01 - PASSENGER CAR,1 - CLEAR,45219,2023-04-19,9:05:00.000,Wed,Waning Crescent Moon,Aries,Cardinal,Fire,Masculine,Head,Mars,2, E KING DR
678,38.0,NORTHSIDE,3,201905,WED,0,3,39.173971,1 - DAYLIGHT,-84.546691,2 - REAR-END,01 - DRY,NORTHSIDE,04 - PICK UP,1 - CLEAR,45223,2023-04-19,9:25:00.000,Wed,Waning Crescent Moon,Aries,Cardinal,Fire,Masculine,Head,Mars,46, ASHTREE DR
679,34.0,NORTHSIDE,3,201905,WED,0,3,39.173111,1 - DAYLIGHT,-84.547131,2 - REAR-END,01 - DRY,NORTHSIDE,01 - PASSENGER CAR,1 - CLEAR,45223,2023-04-19,9:25:00.000,Wed,Waning Crescent Moon,Aries,Cardinal,Fire,Masculine,Head,Mars,46, ASHTREE DR
680,43.0,EAST PRICE HILL,2,201904,WED,1,3,39.112901,1 - DAYLIGHT,-84.559851,6 - ANGLE,01 - DRY,EAST PRICE HILL,01 - PASSENGER CAR,1 - CLEAR,45204,2023-04-19,9:00:00.000,Wed,Waning Crescent Moon,Aries,Cardinal,Fire,Masculine,Head,Mars,30, GLENWAY AV
681,4.0,EAST PRICE HILL,2,201904,WED,0,2,39.112131,1 - DAYLIGHT,-84.559891,6 - ANGLE,01 - DRY,EAST PRICE HILL,01 - PASSENGER CAR,1 - CLEAR,45204,2023-04-19,9:00:00.000,Wed,Waning Crescent Moon,Aries,Cardinal,Fire,Masculine,Head,Mars,30, GLENWAY AV
682,8.0,EAST PRICE HILL,2,201904,WED,0,2,39.112951,1 - DAYLIGHT,-84.561381,6 - ANGLE,01 - DRY,EAST PRICE HILL,01 - PASSENGER CAR,1 - CLEAR,45204,2023-04-19,9:00:00.000,Wed,Waning Crescent Moon,Aries,Cardinal,Fire,Masculine,Head,Mars,30, GLENWAY AV
683,10.0,EAST PRICE HILL,2,201904,WED,1,2,39.113221,1 - DAYLIGHT,-84.561521,6 - ANGLE,01 - DRY,EAST PRICE HILL,01 - PASSENGER CAR,1 - CLEAR,45204,2023-04-19,9:00:00.000,Wed,Waning Crescent Moon,Aries,Cardinal,Fire,Masculine,Head,Mars,30, GLENWAY AV
684,28.0,EAST PRICE HILL,2,201904,WED,0,3,39.113401,1 - DAYLIGHT,-84.561431,6 - ANGLE,01 - DRY,EAST PRICE HILL,01 - PASSENGER CAR,1 - CLEAR,45204,2023-04-19,9:00:00.000,Wed,Waning Crescent Moon,Aries,Cardinal,Fire,Masculine,Head,Mars,30, GLENWAY AV
685,47.0,WALNUT HILLS,3,201905,WED,0,3,39.127045,1 - DAYLIGHT,-84.484953,2 - REAR-END,01 - DRY,WALNUT HILLS,01 - PASSENGER CAR,1 - CLEAR,45206,2023-04-19,8:33:00.000,Wed,Waning Crescent Moon,Aries,Cardinal,Fire,Masculine,Head,Mars,11, WILLIAM HOWARD TAFT RD
686,34.0,WALNUT HILLS,3,201905,WED,1,3,39.127785,1 - DAYLIGHT,-84.484013,2 - REAR-END,01 - DRY,WALNUT HILLS,04 - PICK UP,1 - CLEAR,45206,2023-04-19,8:33:00.000,Wed,Waning Crescent Moon,Aries,Cardinal,Fire,Masculine,Head,Mars,11, WILLIAM HOWARD TAFT RD
687,24.0,CAMP WASHINGTON,3,201905,WED,1,3,39.130092,1 - DAYLIGHT,-84.530975,6 - ANGLE,01 - DRY,CAMP WASHINGTON,01 - PASSENGER CAR,1 - CLEAR,45225,2023-04-19,8:04:00.000,Wed,Waning Crescent Moon,Aries,Cardinal,Fire,Masculine,Head,Mars,27, CENTRAL PY
688,54.0,CAMP WASHINGTON,3,201905,WED,1,3,39.129442,1 - DAYLIGHT,-84.532735,6 - ANGLE,01 - DRY,CAMP WASHINGTON,03 - SPORT UTILITY VEHICLE,1 - CLEAR,45225,2023-04-19,8:04:00.000,Wed,Waning Crescent Moon,Aries,Cardinal,Fire,Masculine,Head,Mars,27, CENTRAL PY
689,34.0,NORTHSIDE,3,201905,WED,1,3,39.161781,3 - DARK - LIGHTED ROADWAY,-84.534301,"7 - SIDESWIPE, SAME DIRECTION",01 - DRY,NORTHSIDE,99 - UNKNOWN OR HIT/SKIP,1 - CLEAR,45223,2023-04-19,3:00:00.000,Wed,Waning Crescent Moon,Aries,Cardinal,Fire,Masculine,Head,Mars,13, BOYD ST
690,47.0,WALNUT HILLS,2,201904,WED,1,3,39.118217,1 - DAYLIGHT,-84.499433,6 - ANGLE,01 - DRY,WALNUT HILLS,01 - PASSENGER CAR,1 - CLEAR,45206,2023-04-19,7:55:00.000,Wed,Waning Crescent Moon,Aries,Cardinal,Fire,Masculine,Head,Mars,20, READING RD
691,18.0,WALNUT HILLS,2,201904,WED,1,2,39.118287,1 - DAYLIGHT,-84.499793,6 - ANGLE,01 - DRY,WALNUT HILLS,01 - PASSENGER CAR,1 - CLEAR,45206,2023-04-19,7:55:00.000,Wed,Waning Crescent Moon,Aries,Cardinal,Fire,Masculine,Head,Mars,20, READING RD
692,40.0,WALNUT HILLS,2,201904,WED,0,3,39.118347,1 - DAYLIGHT,-84.499493,6 - ANGLE,01 - DRY,WALNUT HILLS,01 - PASSENGER CAR,1 - CLEAR,45206,2023-04-19,7:55:00.000,Wed,Waning Crescent Moon,Aries,Cardinal,Fire,Masculine,Head,Mars,20, READING RD
693,63.0,CORRYVILLE,3,201905,WED,0,3,39.134482,1 - DAYLIGHT,-84.507624,"7 - SIDESWIPE, SAME DIRECTION",01 - DRY,CORRYVILLE,03 - SPORT UTILITY VEHICLE,1 - CLEAR,45219,2023-04-19,7:45:00.000,Wed,Waning Crescent Moon,Aries,Cardinal,Fire,Masculine,Head,Mars,6, E KING DR
694,19.0,CORRYVILLE,3,201905,WED,1,3,39.136462,1 - DAYLIGHT,-84.507784,"7 - SIDESWIPE, SAME DIRECTION",01 - DRY,CORRYVILLE,01 - PASSENGER CAR,1 - CLEAR,45219,2023-04-19,7:45:00.000,Wed,Waning Crescent Moon,Aries,Cardinal,Fire,Masculine,Head,Mars,6, E KING DR
695,20.0,CORRYVILLE,3,201905,WED,0,3,39.135682,1 - DAYLIGHT,-84.506654,"7 - SIDESWIPE, SAME DIRECTION",01 - DRY,CORRYVILLE,03 - SPORT UTILITY VEHICLE,1 - CLEAR,45219,2023-04-19,7:45:00.000,Wed,Waning Crescent Moon,Aries,Cardinal,Fire,Masculine,Head,Mars,6, E KING DR
696,34.0,WESTWOOD,3,201905,WED,1,3,39.147601,1 - DAYLIGHT,-84.598403,6 - ANGLE,01 - DRY,WESTWOOD,01 - PASSENGER CAR,1 - CLEAR,45211,2023-04-19,7:33:00.000,Wed,Waning Crescent Moon,Aries,Cardinal,Fire,Masculine,Head,Mars,30, HARRISON AV
697,22.0,WESTWOOD,3,201905,WED,0,3,39.148951,1 - DAYLIGHT,-84.597153,6 - ANGLE,01 - DRY,WESTWOOD,01 - PASSENGER CAR,1 - CLEAR,45211,2023-04-19,7:33:00.000,Wed,Waning Crescent Moon,Aries,Cardinal,Fire,Masculine,Head,Mars,30, HARRISON AV
698,34.0,ROSELAWN,3,201905,WED,1,3,39.210477,2 - DAWN,-84.459834,2 - REAR-END,01 - DRY,ROSELAWN,99 - UNKNOWN OR HIT/SKIP,1 - CLEAR,45216,2023-04-19,6:32:00.000,Wed,Waning Crescent Moon,Aries,Cardinal,Fire,Masculine,Head,Mars,2, E RONALD REAGAN HW
699,39.0,ROSELAWN,3,201905,WED,0,3,39.209227,2 - DAWN,-84.459674,2 - REAR-END,01 - DRY,ROSELAWN,01 - PASSENGER CAR,1 - CLEAR,45216,2023-04-19,6:32:00.000,Wed,Waning Crescent Moon,Aries,Cardinal,Fire,Masculine,Head,Mars,2, E RONALD REAGAN HW
700,21.0,SEDAMSVILLE,3,201905,TUE,1,3,39.088521,3 - DARK - LIGHTED ROADWAY,-84.564971,2 - REAR-END,01 - DRY,RIVERSIDE,01 - PASSENGER CAR,1 - CLEAR,45204,2023-04-18,2:29:00.000,Tue,Waning Crescent Moon,Aries,Cardinal,Fire,Masculine,Head,Mars,28, RIVER RD
701,43.0,SEDAMSVILLE,3,201905,TUE,1,3,39.088891,3 - DARK - LIGHTED ROADWAY,-84.563481,2 - REAR-END,01 - DRY,RIVERSIDE,01 - PASSENGER CAR,1 - CLEAR,45204,2023-04-18,2:29:00.000,Tue,Waning Crescent Moon,Aries,Cardinal,Fire,Masculine,Head,Mars,28, RIVER RD
702,19.0,MOUNT AIRY,1,201903,TUE,0,3,39.170561,4 - DARK – ROADWAY NOT LIGHTED,-84.577561,"8 - SIDESWIPE, OPPOSITE DIRECTION",01 - DRY,MT. AIRY,01 - PASSENGER CAR,1 - CLEAR,45211,2023-04-18,1:22:00.000,Tue,Waning Crescent Moon,Aries,Cardinal,Fire,Masculine,Head,Mars,23, WEST FORK RD
703,20.0,MOUNT AIRY,1,201903,TUE,0,1,39.169681,4 - DARK – ROADWAY NOT LIGHTED,-84.577931,"8 - SIDESWIPE, OPPOSITE DIRECTION",01 - DRY,MT. AIRY,01 - PASSENGER CAR,1 - CLEAR,45211,2023-04-18,1:22:00.000,Tue,Waning Crescent Moon,Aries,Cardinal,Fire,Masculine,Head,Mars,23, WEST FORK RD
704,21.0,MOUNT AIRY,1,201903,TUE,1,3,39.170241,4 - DARK – ROADWAY NOT LIGHTED,-84.577271,"8 - SIDESWIPE, OPPOSITE DIRECTION",01 - DRY,MT. AIRY,01 - PASSENGER CAR,1 - CLEAR,45211,2023-04-18,1:22:00.000,Tue,Waning Crescent Moon,Aries,Cardinal,Fire,Masculine,Head,Mars,23, WEST FORK RD
705,34.0,PADDOCK HILLS,3,201905,TUE,1,3,39.167856,1 - DAYLIGHT,-84.478118,5 - BACKING,01 - DRY,BOND HILL,01 - PASSENGER CAR,1 - CLEAR,45229,2023-04-18,6:00:00.000,Tue,Waning Crescent Moon,Aries,Cardinal,Fire,Masculine,Head,Mars,12, TENNESSEE AV
706,21.0,PADDOCK HILLS,3,201905,TUE,1,3,39.168346,1 - DAYLIGHT,-84.479448,5 - BACKING,01 - DRY,BOND HILL,03 - SPORT UTILITY VEHICLE,1 - CLEAR,45229,2023-04-18,6:00:00.000,Tue,Waning Crescent Moon,Aries,Cardinal,Fire,Masculine,Head,Mars,12, TENNESSEE AV
707,24.0,DOWNTOWN,3,201905,TUE,1,3,39.098621,1 - DAYLIGHT,-84.510061,2 - REAR-END,01 - DRY,DOWNTOWN,03 - SPORT UTILITY VEHICLE,1 - CLEAR,45202,2023-04-18,8:30:00.000,Tue,Waning Crescent Moon,Aries,Cardinal,Fire,Masculine,Head,Mars,1, E 2ND ST
708,51.0,DOWNTOWN,3,201905,TUE,1,3,39.097961,1 - DAYLIGHT,-84.509701,2 - REAR-END,01 - DRY,DOWNTOWN,01 - PASSENGER CAR,1 - CLEAR,45202,2023-04-18,8:30:00.000,Tue,Waning Crescent Moon,Aries,Cardinal,Fire,Masculine,Head,Mars,1, E 2ND ST
709,42.0,WESTWOOD,3,201905,TUE,1,3,39.130011,1 - DAYLIGHT,-84.605911,6 - ANGLE,01 - DRY,WESTWOOD,01 - PASSENGER CAR,1 - CLEAR,45238,2023-04-18,7:50:00.000,Tue,Waning Crescent Moon,Aries,Cardinal,Fire,Masculine,Head,Mars,54, GLENWAY AV
710,28.0,WESTWOOD,3,201905,TUE,0,3,39.130151,1 - DAYLIGHT,-84.606461,6 - ANGLE,01 - DRY,WESTWOOD,03 - SPORT UTILITY VEHICLE,1 - CLEAR,45238,2023-04-18,7:50:00.000,Tue,Waning Crescent Moon,Aries,Cardinal,Fire,Masculine,Head,Mars,54, GLENWAY AV
711,44.0,BOND HILL,3,201905,TUE,1,3,39.175423,1 - DAYLIGHT,-84.466939,"7 - SIDESWIPE, SAME DIRECTION",01 - DRY,BOND HILL,01 - PASSENGER CAR,1 - CLEAR,45237,2023-04-18,7:50:00.000,Tue,Waning Crescent Moon,Aries,Cardinal,Fire,Masculine,Head,Mars,48, READING RD