,age,community_council_neighborhood,crashseverity,crashseverityid,dayofweek,gender,injuries,latitude_x,lightconditionsprimary,longitude_x,mannerofcrash,roadconditionsprimary,sna_neighborhood,unittype,weather,zip,date,time,day,moon_phase,moon_sign,modality,element,masc_fem,body_part,ruling_planet,hundred_block,road
712,75.0,BOND HILL,3,201905,TUE,1,3,39.175453,1 - DAYLIGHT,-84.467169,"7 - SIDESWIPE, SAME DIRECTION",01 - DRY,BOND HILL,19 - BUS (16+ PASSENGERS),1 - CLEAR,45237,2023-04-18,7:50:00.000,Tue,Waning Crescent Moon,Aries,Cardinal,Fire,Masculine,Head,Mars,48, READING RD
713,54.0,WEST END,1,201903,WED,1,1,39.113519,1 - DAYLIGHT,-84.527337,2 - REAR-END,02 - WET,WEST END,03 - SPORT UTILITY VEHICLE,4 - RAIN,45214,2023-04-05,2:26:01.000,Wed,Waxing Gibbous Moon,Libra,Cardinal,Air,Masculine,Skin,Venus,5, W LIBERTY ST
714,48.0,WEST END,1,201903,WED,1,2,39.114079,1 - DAYLIGHT,-84.527787,2 - REAR-END,02 - WET,WEST END,03 - SPORT UTILITY VEHICLE,4 - RAIN,45214,2023-04-05,2:26:01.000,Wed,Waxing Gibbous Moon,Libra,Cardinal,Air,Masculine,Skin,Venus,5, W LIBERTY ST
715,44.0,WESTWOOD,0,201902,WED,1,0,39.134116,1 - DAYLIGHT,-84.604351,1 - NOT COLLISION BETWEEN TWO MOTOR VEHICLES IN TRANSPORT,02 - WET,WESTWOOD,03 - SPORT UTILITY VEHICLE,2 - CLOUDY,45238,2023-04-05,2:00:00.000,Wed,Waxing Gibbous Moon,Libra,Cardinal,Air,Masculine,Skin,Venus,50, GLENWAY AV
716,65.0,WESTWOOD,0,201902,WED,1,1,39.134346,1 - DAYLIGHT,-84.604481,1 - NOT COLLISION BETWEEN TWO MOTOR VEHICLES IN TRANSPORT,02 - WET,WESTWOOD,03 - SPORT UTILITY VEHICLE,2 - CLOUDY,45238,2023-04-05,2:00:00.000,Wed,Waxing Gibbous Moon,Libra,Cardinal,Air,Masculine,Skin,Venus,50, GLENWAY AV
717,15.0,SOUTH FAIRMOUNT,3,201905,WED,0,3,39.127351,1 - DAYLIGHT,-84.562421,2 - REAR-END,02 - WET,SOUTH FAIRMOUNT,01 - PASSENGER CAR,2 - CLOUDY,45214,2023-04-05,1:47:42.000,Wed,Waxing Gibbous Moon,Libra,Cardinal,Air,Masculine,Skin,Venus,19, QUEEN CITY AV
718,35.0,SOUTH FAIRMOUNT,3,201905,WED,0,3,39.126981,1 - DAYLIGHT,-84.563251,2 - REAR-END,02 - WET,SOUTH FAIRMOUNT,01 - PASSENGER CAR,2 - CLOUDY,45214,2023-04-05,1:47:42.000,Wed,Waxing Gibbous Moon,Libra,Cardinal,Air,Masculine,Skin,Venus,19, QUEEN CITY AV
719,19.0,SOUTH FAIRMOUNT,3,201905,WED,0,3,39.126421,1 - DAYLIGHT,-84.563851,2 - REAR-END,02 - WET,SOUTH FAIRMOUNT,01 - PASSENGER CAR,2 - CLOUDY,45214,2023-04-05,1:47:42.000,Wed,Waxing Gibbous Moon,Libra,Cardinal,Air,Masculine,Skin,Venus,19, QUEEN CITY AV
720,21.0,MOUNT AIRY,3,201905,SAT,1,3,39.168311,1 - DAYLIGHT,-84.557805,"8 - SIDESWIPE, OPPOSITE DIRECTION",01 - DRY,MT. AIRY,05 - CARGO VAN,1 - CLEAR,45223,2023-04-01,8:40:00.000,Sat,Waxing Gibbous Moon,Leo,Fixed,Fire,Masculine,Heart,Sun,46, COLERAIN AV
721,34.0,MOUNT AIRY,3,201905,SAT,1,3,39.168371,1 - DAYLIGHT,-84.556475,"8 - SIDESWIPE, OPPOSITE DIRECTION",01 - DRY,MT. AIRY,04 - PICK UP,1 - CLEAR,45223,2023-04-01,8:40:00.000,Sat,Waxing Gibbous Moon,Leo,Fixed,Fire,Masculine,Heart,Sun,46, COLERAIN AV
722,30.0,OTR,1,201903,WED,1,1,39.112231,1 - DAYLIGHT,-84.516906,1 - NOT COLLISION BETWEEN TWO MOTOR VEHICLES IN TRANSPORT,02 - WET,OVER-THE-RHINE,23 - PEDESTRIAN/SKATER,4 - RAIN,45202,2023-04-05,1:29:45.000,Wed,Waxing Gibbous Moon,Libra,Cardinal,Air,Masculine,Skin,Venus,0, W LIBERTY ST
723,34.0,OTR,1,201903,WED,1,3,39.112341,1 - DAYLIGHT,-84.517516,1 - NOT COLLISION BETWEEN TWO MOTOR VEHICLES IN TRANSPORT,02 - WET,OVER-THE-RHINE,01 - PASSENGER CAR,4 - RAIN,45202,2023-04-05,1:29:45.000,Wed,Waxing Gibbous Moon,Libra,Cardinal,Air,Masculine,Skin,Venus,0, W LIBERTY ST
724,34.0,OTR,1,201903,WED,0,3,39.113531,1 - DAYLIGHT,-84.517556,1 - NOT COLLISION BETWEEN TWO MOTOR VEHICLES IN TRANSPORT,02 - WET,OVER-THE-RHINE,01 - PASSENGER CAR,4 - RAIN,45202,2023-04-05,1:29:45.000,Wed,Waxing Gibbous Moon,Libra,Cardinal,Air,Masculine,Skin,Venus,0, W LIBERTY ST
725,40.0,DOWNTOWN,3,201905,WED,1,3,39.098341,1 - DAYLIGHT,-84.507945,"7 - SIDESWIPE, SAME DIRECTION",01 - DRY,DOWNTOWN,05 - CARGO VAN,1 - CLEAR,45202,2023-04-05,0:56:00.000,Wed,Waxing Gibbous Moon,Libra,Cardinal,Air,Masculine,Skin,Venus,N I71 AT 1-0 MM,N I71 AT 1-0 MM
726,28.0,DOWNTOWN,3,201905,WED,1,3,39.099111,1 - DAYLIGHT,-84.507785,"7 - SIDESWIPE, SAME DIRECTION",01 - DRY,DOWNTOWN,05 - CARGO VAN,1 - CLEAR,45202,2023-04-05,0:56:00.000,Wed,Waxing Gibbous Moon,Libra,Cardinal,Air,Masculine,Skin,Venus,N I71 AT 1-0 MM,N I71 AT 1-0 MM
727,26.0,AVONDALE,3,201905,WED,1,3,39.148874,1 - DAYLIGHT,-84.511325,"7 - SIDESWIPE, SAME DIRECTION",01 - DRY,AVONDALE,01 - PASSENGER CAR,2 - CLOUDY,45220,2023-04-05,8:30:00.000,Wed,Waxing Gibbous Moon,Libra,Cardinal,Air,Masculine,Skin,Venus,36, VINE ST
728,34.0,AVONDALE,3,201905,WED,1,3,39.149844,1 - DAYLIGHT,-84.510175,"7 - SIDESWIPE, SAME DIRECTION",01 - DRY,AVONDALE,01 - PASSENGER CAR,2 - CLOUDY,45220,2023-04-05,8:30:00.000,Wed,Waxing Gibbous Moon,Libra,Cardinal,Air,Masculine,Skin,Venus,36, VINE ST
729,34.0,CAMP WASHINGTON,3,201905,WED,0,3,39.136495,1 - DAYLIGHT,-84.535801,"7 - SIDESWIPE, SAME DIRECTION",01 - DRY,CAMP WASHINGTON,19 - BUS (16+ PASSENGERS),1 - CLEAR,45225,2023-04-05,7:58:00.000,Wed,Waxing Gibbous Moon,Libra,Cardinal,Air,Masculine,Skin,Venus,29, COLERAIN AV
730,21.0,CAMP WASHINGTON,3,201905,WED,0,3,39.136935,1 - DAYLIGHT,-84.536221,"7 - SIDESWIPE, SAME DIRECTION",01 - DRY,CAMP WASHINGTON,06 - VAN (9-15 SEATS),1 - CLEAR,45225,2023-04-05,7:58:00.000,Wed,Waxing Gibbous Moon,Libra,Cardinal,Air,Masculine,Skin,Venus,29, COLERAIN AV
731,50.0,RIVERSIDE,3,201905,WED,1,3,39.079031,1 - DAYLIGHT,-84.626581,"7 - SIDESWIPE, SAME DIRECTION",01 - DRY,RIVERSIDE,04 - PICK UP,2 - CLOUDY,45204,2023-04-05,7:31:00.000,Wed,Waxing Gibbous Moon,Libra,Cardinal,Air,Masculine,Skin,Venus,44, RIVER RD
732,38.0,RIVERSIDE,3,201905,WED,1,3,39.078071,1 - DAYLIGHT,-84.626241,"7 - SIDESWIPE, SAME DIRECTION",01 - DRY,RIVERSIDE,04 - PICK UP,2 - CLOUDY,45204,2023-04-05,7:31:00.000,Wed,Waxing Gibbous Moon,Libra,Cardinal,Air,Masculine,Skin,Venus,44, RIVER RD
733,73.0,MOUNT LOOKOUT,3,201905,WED,1,3,39.133645,1 - DAYLIGHT,-84.434651,2 - REAR-END,01 - DRY,HYDE PARK,19 - BUS (16+ PASSENGERS),2 - CLOUDY,45208,2023-04-05,7:27:00.000,Wed,Waxing Gibbous Moon,Libra,Cardinal,Air,Masculine,Skin,Venus,29, LINWOOD AV
734,28.0,MOUNT LOOKOUT,3,201905,WED,1,3,39.132675,1 - DAYLIGHT,-84.433751,2 - REAR-END,01 - DRY,HYDE PARK,03 - SPORT UTILITY VEHICLE,2 - CLOUDY,45208,2023-04-05,7:27:00.000,Wed,Waxing Gibbous Moon,Libra,Cardinal,Air,Masculine,Skin,Venus,29, LINWOOD AV
735,24.0,RIVERSIDE,3,201905,WED,1,3,39.077288,3 - DARK - LIGHTED ROADWAY,-84.623323,6 - ANGLE,01 - DRY,RIVERSIDE,01 - PASSENGER CAR,1 - CLEAR,45204,2023-04-05,6:20:00.000,Wed,Waxing Gibbous Moon,Libra,Cardinal,Air,Masculine,Skin,Venus,44, RIVER RD
736,52.0,RIVERSIDE,3,201905,WED,1,3,39.076878,3 - DARK - LIGHTED ROADWAY,-84.624613,6 - ANGLE,01 - DRY,RIVERSIDE,15 - SEMI-TRACTOR,1 - CLEAR,45204,2023-04-05,6:20:00.000,Wed,Waxing Gibbous Moon,Libra,Cardinal,Air,Masculine,Skin,Venus,44, RIVER RD
737,39.0,WESTWOOD,3,201905,WED,1,3,39.138194,3 - DARK - LIGHTED ROADWAY,-84.610299,2 - REAR-END,01 - DRY,WESTWOOD,03 - SPORT UTILITY VEHICLE,2 - CLOUDY,45238,2023-04-05,5:00:00.000,Wed,Waxing Gibbous Moon,Libra,Cardinal,Air,Masculine,Skin,Venus,32, WESTBROOK DR
738,18.0,CORRYVILLE,1,201903,WED,0,2,39.134089,3 - DARK - LIGHTED ROADWAY,-84.501245,6 - ANGLE,01 - DRY,CORRYVILLE,01 - PASSENGER CAR,1 - CLEAR,45229,2023-04-05,4:16:10.000,Wed,Waxing Gibbous Moon,Libra,Cardinal,Air,Masculine,Skin,Venus,31, BURNET AV
739,23.0,CORRYVILLE,1,201903,WED,1,3,39.134089,3 - DARK - LIGHTED ROADWAY,-84.500875,6 - ANGLE,01 - DRY,CORRYVILLE,01 - PASSENGER CAR,1 - CLEAR,45229,2023-04-05,4:16:10.000,Wed,Waxing Gibbous Moon,Libra,Cardinal,Air,Masculine,Skin,Venus,31, BURNET AV
740,19.0,CORRYVILLE,1,201903,WED,1,1,39.135909,3 - DARK - LIGHTED ROADWAY,-84.500785,6 - ANGLE,01 - DRY,CORRYVILLE,04 - PICK UP,1 - CLEAR,45229,2023-04-05,4:16:10.000,Wed,Waxing Gibbous Moon,Libra,Cardinal,Air,Masculine,Skin,Venus,31, BURNET AV
741,21.0,CORRYVILLE,1,201903,WED,1,3,39.134159,3 - DARK - LIGHTED ROADWAY,-84.500935,6 - ANGLE,01 - DRY,CORRYVILLE,01 - PASSENGER CAR,1 - CLEAR,45229,2023-04-05,4:16:10.000,Wed,Waxing Gibbous Moon,Libra,Cardinal,Air,Masculine,Skin,Venus,31, BURNET AV
742,22.0,CORRYVILLE,1,201903,WED,0,3,39.134849,3 - DARK - LIGHTED ROADWAY,-84.500395,6 - ANGLE,01 - DRY,CORRYVILLE,01 - PASSENGER CAR,1 - CLEAR,45229,2023-04-05,4:16:10.000,Wed,Waxing Gibbous Moon,Libra,Cardinal,Air,Masculine,Skin,Venus,31, BURNET AV
743,25.0,QUEENSGATE,3,201905,TUE,1,3,39.103461,3 - DARK - LIGHTED ROADWAY,-84.529714,"8 - SIDESWIPE, OPPOSITE DIRECTION",01 - DRY,QUEENSGATE,01 - PASSENGER CAR,1 - CLEAR,45203,2023-04-04,3:44:00.000,Tue,Waxing Gibbous Moon,Virgo,Mutable,Earth,Feminine,Digestive Track,Mercury,8, W 8TH ST
744,34.0,QUEENSGATE,3,201905,TUE,1,3,39.102751,3 - DARK - LIGHTED ROADWAY,-84.527894,"8 - SIDESWIPE, OPPOSITE DIRECTION",01 - DRY,QUEENSGATE,01 - PASSENGER CAR,1 - CLEAR,45203,2023-04-04,3:44:00.000,Tue,Waxing Gibbous Moon,Virgo,Mutable,Earth,Feminine,Digestive Track,Mercury,8, W 8TH ST
745,34.0,NORTH FAIRMOUNT,1,201903,TUE,1,3,39.137758,3 - DARK - LIGHTED ROADWAY,-84.548531,"8 - SIDESWIPE, OPPOSITE DIRECTION",01 - DRY,SOUTH CUMMINSVILLE,01 - PASSENGER CAR,1 - CLEAR,45225,2023-04-04,2:41:00.000,Tue,Waxing Gibbous Moon,Virgo,Mutable,Earth,Feminine,Digestive Track,Mercury,30, BEEKMAN ST
746,20.0,NORTH FAIRMOUNT,1,201903,TUE,1,1,39.137888,3 - DARK - LIGHTED ROADWAY,-84.547551,"8 - SIDESWIPE, OPPOSITE DIRECTION",01 - DRY,SOUTH CUMMINSVILLE,01 - PASSENGER CAR,1 - CLEAR,45225,2023-04-04,2:41:00.000,Tue,Waxing Gibbous Moon,Virgo,Mutable,Earth,Feminine,Digestive Track,Mercury,30, BEEKMAN ST
747,49.0,DOWNTOWN,3,201905,TUE,0,3,39.099081,3 - DARK - LIGHTED ROADWAY,-84.518791,"7 - SIDESWIPE, SAME DIRECTION",01 - DRY,DOWNTOWN,02 - PASSENGER VAN (MINIVAN),1 - CLEAR,45203,2023-04-04,2:00:00.000,Tue,Waxing Gibbous Moon,Virgo,Mutable,Earth,Feminine,Digestive Track,Mercury,4, CENTRAL AV
748,50.0,DOWNTOWN,3,201905,TUE,1,3,39.099941,3 - DARK - LIGHTED ROADWAY,-84.520041,"7 - SIDESWIPE, SAME DIRECTION",01 - DRY,DOWNTOWN,02 - PASSENGER VAN (MINIVAN),1 - CLEAR,45203,2023-04-04,2:00:00.000,Tue,Waxing Gibbous Moon,Virgo,Mutable,Earth,Feminine,Digestive Track,Mercury,4, CENTRAL AV
749,17.0,DOWNTOWN,3,201905,TUE,1,3,39.098141,3 - DARK - LIGHTED ROADWAY,-84.519441,"7 - SIDESWIPE, SAME DIRECTION",01 - DRY,DOWNTOWN,02 - PASSENGER VAN (MINIVAN),1 - CLEAR,45203,2023-04-04,2:00:00.000,Tue,Waxing Gibbous Moon,Virgo,Mutable,Earth,Feminine,Digestive Track,Mercury,4, CENTRAL AV
750,41.0,DOWNTOWN,3,201905,TUE,1,3,39.099571,3 - DARK - LIGHTED ROADWAY,-84.519121,"7 - SIDESWIPE, SAME DIRECTION",01 - DRY,DOWNTOWN,03 - SPORT UTILITY VEHICLE,1 - CLEAR,45203,2023-04-04,2:00:00.000,Tue,Waxing Gibbous Moon,Virgo,Mutable,Earth,Feminine,Digestive Track,Mercury,4, CENTRAL AV
751,13.0,DOWNTOWN,3,201905,TUE,1,3,39.099121,3 - DARK - LIGHTED ROADWAY,-84.519601,"7 - SIDESWIPE, SAME DIRECTION",01 - DRY,DOWNTOWN,03 - SPORT UTILITY VEHICLE,1 - CLEAR,45203,2023-04-04,2:00:00.000,Tue,Waxing Gibbous Moon,Virgo,Mutable,Earth,Feminine,Digestive Track,Mercury,4, CENTRAL AV
752,34.0,EAST WALNUT HILLS,3,201905,TUE,1,3,39.123158,4 - DARK – ROADWAY NOT LIGHTED,-84.477561,9 - UNKNOWN,01 - DRY,EAST WALNUT HILLS,03 - SPORT UTILITY VEHICLE,1 - CLEAR,45206,2023-04-04,2:08:00.000,Tue,Waxing Gibbous Moon,Virgo,Mutable,Earth,Feminine,Digestive Track,Mercury,24, SALUTARIS AV
753,21.0,CUF,3,201905,TUE,1,3,39.125508,3 - DARK - LIGHTED ROADWAY,-84.521257,1 - NOT COLLISION BETWEEN TWO MOTOR VEHICLES IN TRANSPORT,01 - DRY,CUF,14 - SINGLE UNIT TRUCK,1 - CLEAR,45219,2023-04-04,2:07:00.000,Tue,Waxing Gibbous Moon,Virgo,Mutable,Earth,Feminine,Digestive Track,Mercury,23, ROHS ST
754,61.0,OAKLEY,3,201905,TUE,0,3,39.164326,1 - DAYLIGHT,-84.425048,2 - REAR-END,09 - UNKNOWN,OAKLEY,01 - PASSENGER CAR,99 - OTHER/UNKNOWN,45209,2023-04-04,6:37:00.000,Tue,Waxing Gibbous Moon,Virgo,Mutable,Earth,Feminine,Digestive Track,Mercury,N I71 AT 7-8 MM,N I71 AT 7-8 MM
755,34.0,OAKLEY,3,201905,TUE,1,3,39.164366,1 - DAYLIGHT,-84.424598,2 - REAR-END,09 - UNKNOWN,OAKLEY,99 - UNKNOWN OR HIT/SKIP,99 - OTHER/UNKNOWN,45209,2023-04-04,6:37:00.000,Tue,Waxing Gibbous Moon,Virgo,Mutable,Earth,Feminine,Digestive Track,Mercury,N I71 AT 7-8 MM,N I71 AT 7-8 MM
756,30.0,CUF,3,201905,TUE,0,3,39.138133,2 - DAWN,-84.531717,2 - REAR-END,09 - UNKNOWN,CUF,01 - PASSENGER CAR,99 - OTHER/UNKNOWN,45225,2023-04-04,6:25:00.000,Tue,Waxing Gibbous Moon,Virgo,Mutable,Earth,Feminine,Digestive Track,Mercury,11, HOPPLE ST
757,26.0,CUF,3,201905,TUE,0,3,39.137953,2 - DAWN,-84.531407,2 - REAR-END,09 - UNKNOWN,CUF,03 - SPORT UTILITY VEHICLE,99 - OTHER/UNKNOWN,45225,2023-04-04,6:25:00.000,Tue,Waxing Gibbous Moon,Virgo,Mutable,Earth,Feminine,Digestive Track,Mercury,11, HOPPLE ST
758,79.0,PLEASANT RIDGE,3,201905,MON,0,3,39.179429,1 - DAYLIGHT,-84.434944,3 - HEAD-ON,02 - WET,PLEASANT RIDGE,01 - PASSENGER CAR,4 - RAIN,45212,2023-04-03,2:05:00.000,Mon,Waxing Gibbous Moon,Virgo,Mutable,Earth,Feminine,Digestive Track,Mercury,28, LANGDON FARM RD
759,34.0,PLEASANT RIDGE,3,201905,MON,1,3,39.179299,1 - DAYLIGHT,-84.434764,3 - HEAD-ON,02 - WET,PLEASANT RIDGE,01 - PASSENGER CAR,4 - RAIN,45212,2023-04-03,2:05:00.000,Mon,Waxing Gibbous Moon,Virgo,Mutable,Earth,Feminine,Digestive Track,Mercury,28, LANGDON FARM RD
760,34.0,EAST PRICE HILL,3,201905,TUE,1,3,39.109681,1 - DAYLIGHT,-84.572341,6 - ANGLE,01 - DRY,EAST PRICE HILL,05 - CARGO VAN,1 - CLEAR,45205,2023-04-04,8:36:00.000,Tue,Waxing Gibbous Moon,Virgo,Mutable,Earth,Feminine,Digestive Track,Mercury,36, WARSAW AV
761,27.0,EAST PRICE HILL,3,201905,TUE,0,3,39.110811,1 - DAYLIGHT,-84.572121,6 - ANGLE,01 - DRY,EAST PRICE HILL,01 - PASSENGER CAR,1 - CLEAR,45205,2023-04-04,8:36:00.000,Tue,Waxing Gibbous Moon,Virgo,Mutable,Earth,Feminine,Digestive Track,Mercury,36, WARSAW AV
762,28.0,EAST PRICE HILL,3,201905,TUE,1,3,39.111491,1 - DAYLIGHT,-84.570891,6 - ANGLE,01 - DRY,EAST PRICE HILL,01 - PASSENGER CAR,1 - CLEAR,45205,2023-04-04,8:36:00.000,Tue,Waxing Gibbous Moon,Virgo,Mutable,Earth,Feminine,Digestive Track,Mercury,36, WARSAW AV
763,1.0,EAST PRICE HILL,3,201905,TUE,0,3,39.110121,1 - DAYLIGHT,-84.571361,6 - ANGLE,01 - DRY,EAST PRICE HILL,01 - PASSENGER CAR,1 - CLEAR,45205,2023-04-04,8:36:00.000,Tue,Waxing Gibbous Moon,Virgo,Mutable,Earth,Feminine,Digestive Track,Mercury,36, WARSAW AV
764,34.0,CAMP WASHINGTON,3,201905,TUE,1,3,39.135369,1 - DAYLIGHT,-84.533342,"7 - SIDESWIPE, SAME DIRECTION",01 - DRY,CAMP WASHINGTON,15 - SEMI-TRACTOR,1 - CLEAR,45214,2023-04-04,7:48:00.000,Tue,Waxing Gibbous Moon,Virgo,Mutable,Earth,Feminine,Digestive Track,Mercury,S I75 AT 3-2 MM,S I75 AT 3-2 MM
765,42.0,CAMP WASHINGTON,3,201905,TUE,1,3,39.135849,1 - DAYLIGHT,-84.532352,"7 - SIDESWIPE, SAME DIRECTION",01 - DRY,CAMP WASHINGTON,15 - SEMI-TRACTOR,1 - CLEAR,45214,2023-04-04,7:48:00.000,Tue,Waxing Gibbous Moon,Virgo,Mutable,Earth,Feminine,Digestive Track,Mercury,S I75 AT 3-2 MM,S I75 AT 3-2 MM
766,51.0,LOWER PRICE HILL,3,201905,TUE,0,3,39.108328,1 - DAYLIGHT,-84.553432,2 - REAR-END,01 - DRY,EAST PRICE HILL,01 - PASSENGER CAR,1 - CLEAR,45204,2023-04-04,7:47:00.000,Tue,Waxing Gibbous Moon,Virgo,Mutable,Earth,Feminine,Digestive Track,Mercury,23, WILDER AV
767,28.0,LOWER PRICE HILL,3,201905,TUE,0,3,39.107078,1 - DAYLIGHT,-84.553862,2 - REAR-END,01 - DRY,EAST PRICE HILL,01 - PASSENGER CAR,1 - CLEAR,45204,2023-04-04,7:47:00.000,Tue,Waxing Gibbous Moon,Virgo,Mutable,Earth,Feminine,Digestive Track,Mercury,23, WILDER AV
768,34.0,CORRYVILLE - HEIGHTS,3,201905,TUE,1,3,39.137033,1 - DAYLIGHT,-84.516305,1 - NOT COLLISION BETWEEN TWO MOTOR VEHICLES IN TRANSPORT,01 - DRY,CUF,01 - PASSENGER CAR,1 - CLEAR,45220,2023-04-04,6:00:00.000,Tue,Waxing Gibbous Moon,Virgo,Mutable,Earth,Feminine,Digestive Track,Mercury,2, E KING DR
769,34.0,CORRYVILLE - HEIGHTS,3,201905,TUE,1,3,39.136743,1 - DAYLIGHT,-84.515045,1 - NOT COLLISION BETWEEN TWO MOTOR VEHICLES IN TRANSPORT,01 - DRY,CUF,01 - PASSENGER CAR,1 - CLEAR,45220,2023-04-04,6:00:00.000,Tue,Waxing Gibbous Moon,Virgo,Mutable,Earth,Feminine,Digestive Track,Mercury,2, E KING DR
770,35.0,LOWER PRICE HILL,3,201905,TUE,0,3,39.120133,1 - DAYLIGHT,-84.545001,"7 - SIDESWIPE, SAME DIRECTION",01 - DRY,EAST PRICE HILL,01 - PASSENGER CAR,1 - CLEAR,45204,2023-04-04,5:56:00.000,Tue,Waxing Gibbous Moon,Virgo,Mutable,Earth,Feminine,Digestive Track,Mercury,19, STATE AV
771,41.0,EAST PRICE HILL,3,201905,TUE,0,3,39.096151,1 - DAYLIGHT,-84.565051,2 - REAR-END,01 - DRY,EAST PRICE HILL,01 - PASSENGER CAR,1 - CLEAR,45205,2023-04-04,6:38:00.000,Tue,Waxing Gibbous Moon,Virgo,Mutable,Earth,Feminine,Digestive Track,Mercury,3, ELBERON AV
772,60.0,EAST PRICE HILL,3,201905,TUE,0,3,39.095831,1 - DAYLIGHT,-84.563861,2 - REAR-END,01 - DRY,EAST PRICE HILL,03 - SPORT UTILITY VEHICLE,1 - CLEAR,45205,2023-04-04,6:38:00.000,Tue,Waxing Gibbous Moon,Virgo,Mutable,Earth,Feminine,Digestive Track,Mercury,3, ELBERON AV
773,53.0,BOND HILL,1,201903,TUE,1,3,39.185394,1 - DAYLIGHT,-84.464683,1 - NOT COLLISION BETWEEN TWO MOTOR VEHICLES IN TRANSPORT,01 - DRY,BOND HILL,01 - PASSENGER CAR,2 - CLOUDY,45237,2023-04-04,6:35:00.000,Tue,Waxing Gibbous Moon,Virgo,Mutable,Earth,Feminine,Digestive Track,Mercury,69, READING RD
774,7.0,BOND HILL,1,201903,TUE,0,1,39.184084,1 - DAYLIGHT,-84.463563,1 - NOT COLLISION BETWEEN TWO MOTOR VEHICLES IN TRANSPORT,01 - DRY,BOND HILL,23 - PEDESTRIAN/SKATER,2 - CLOUDY,45237,2023-04-04,6:35:00.000,Tue,Waxing Gibbous Moon,Virgo,Mutable,Earth,Feminine,Digestive Track,Mercury,69, READING RD
775,12.0,BOND HILL,1,201903,TUE,0,1,39.183914,1 - DAYLIGHT,-84.464553,1 - NOT COLLISION BETWEEN TWO MOTOR VEHICLES IN TRANSPORT,01 - DRY,BOND HILL,23 - PEDESTRIAN/SKATER,2 - CLOUDY,45237,2023-04-04,6:35:00.000,Tue,Waxing Gibbous Moon,Virgo,Mutable,Earth,Feminine,Digestive Track,Mercury,69, READING RD
776,36.0,WEST PRICE HILL,2,201904,TUE,0,3,39.114109,1 - DAYLIGHT,-84.575369,"7 - SIDESWIPE, SAME DIRECTION",01 - DRY,EAST PRICE HILL,19 - BUS (16+ PASSENGERS),1 - CLEAR,45205,2023-04-04,6:12:00.000,Tue,Waxing Gibbous Moon,Virgo,Mutable,Earth,Feminine,Digestive Track,Mercury,38, GLENWAY AV
777,20.0,WEST PRICE HILL,2,201904,TUE,1,2,39.113409,1 - DAYLIGHT,-84.575629,"7 - SIDESWIPE, SAME DIRECTION",01 - DRY,EAST PRICE HILL,01 - PASSENGER CAR,1 - CLEAR,45205,2023-04-04,6:12:00.000,Tue,Waxing Gibbous Moon,Virgo,Mutable,Earth,Feminine,Digestive Track,Mercury,38, GLENWAY AV
778,21.0,WEST PRICE HILL,2,201904,TUE,0,2,39.114959,1 - DAYLIGHT,-84.575729,"7 - SIDESWIPE, SAME DIRECTION",01 - DRY,EAST PRICE HILL,01 - PASSENGER CAR,1 - CLEAR,45205,2023-04-04,6:12:00.000,Tue,Waxing Gibbous Moon,Virgo,Mutable,Earth,Feminine,Digestive Track,Mercury,38, GLENWAY AV