,age,community_council_neighborhood,crashseverity,crashseverityid,dayofweek,gender,injuries,latitude_x,lightconditionsprimary,longitude_x,mannerofcrash,roadconditionsprimary,sna_neighborhood,unittype,weather,zip,date,time,day,moon_phase,moon_sign,modality,element,masc_fem,body_part,ruling_planet,hundred_block,road
921,22.0,SOUTH FAIRMOUNT,2,201904,MON,1,3,39.125911,1 - DAYLIGHT,-84.549391,"7 - SIDESWIPE, SAME DIRECTION",01 - DRY,SOUTH FAIRMOUNT,01 - PASSENGER CAR,1 - CLEAR,45214,2023-04-03,6:45:00.000,Mon,Waxing Gibbous Moon,Virgo,Mutable,Earth,Feminine,Digestive Track,Mercury,16, HARRISON AV
922,15.0,SOUTH FAIRMOUNT,2,201904,MON,1,2,39.127021,1 - DAYLIGHT,-84.549551,"7 - SIDESWIPE, SAME DIRECTION",01 - DRY,SOUTH FAIRMOUNT,01 - PASSENGER CAR,1 - CLEAR,45214,2023-04-03,6:45:00.000,Mon,Waxing Gibbous Moon,Virgo,Mutable,Earth,Feminine,Digestive Track,Mercury,16, HARRISON AV
923,77.0,SOUTH FAIRMOUNT,2,201904,MON,1,3,39.127241,1 - DAYLIGHT,-84.549221,"7 - SIDESWIPE, SAME DIRECTION",01 - DRY,SOUTH FAIRMOUNT,01 - PASSENGER CAR,1 - CLEAR,45214,2023-04-03,6:45:00.000,Mon,Waxing Gibbous Moon,Virgo,Mutable,Earth,Feminine,Digestive Track,Mercury,16, HARRISON AV
924,43.0,SOUTH FAIRMOUNT,3,201905,MON,1,3,39.127168,1 - DAYLIGHT,-84.548579,"7 - SIDESWIPE, SAME DIRECTION",01 - DRY,SOUTH FAIRMOUNT,01 - PASSENGER CAR,1 - CLEAR,45214,2023-04-03,6:15:00.000,Mon,Waxing Gibbous Moon,Virgo,Mutable,Earth,Feminine,Digestive Track,Mercury,16, QUEEN CITY AV
925,43.0,SOUTH FAIRMOUNT,3,201905,MON,1,3,39.126798,1 - DAYLIGHT,-84.548469,"7 - SIDESWIPE, SAME DIRECTION",01 - DRY,SOUTH FAIRMOUNT,19 - BUS (16+ PASSENGERS),1 - CLEAR,45214,2023-04-03,6:15:00.000,Mon,Waxing Gibbous Moon,Virgo,Mutable,Earth,Feminine,Digestive Track,Mercury,16, QUEEN CITY AV
926,64.0,WALNUT HILLS,3,201905,MON,1,3,39.123771,1 - DAYLIGHT,-84.501511,4 - REAR-TO-REAR,01 - DRY,WALNUT HILLS,01 - PASSENGER CAR,1 - CLEAR,45206,2023-04-03,5:05:00.000,Mon,Waxing Gibbous Moon,Virgo,Mutable,Earth,Feminine,Digestive Track,Mercury,23, READING RD
927,39.0,WALNUT HILLS,3,201905,MON,1,3,39.123121,1 - DAYLIGHT,-84.501041,4 - REAR-TO-REAR,01 - DRY,WALNUT HILLS,01 - PASSENGER CAR,1 - CLEAR,45206,2023-04-03,5:05:00.000,Mon,Waxing Gibbous Moon,Virgo,Mutable,Earth,Feminine,Digestive Track,Mercury,23, READING RD
928,24.0,HARTWELL,2,201904,MON,1,3,39.210719,1 - DAYLIGHT,-84.475008,6 - ANGLE,01 - DRY,HARTWELL,01 - PASSENGER CAR,1 - CLEAR,45216,2023-04-03,5:45:00.000,Mon,Waxing Gibbous Moon,Virgo,Mutable,Earth,Feminine,Digestive Track,Mercury,82, VINE ST.
929,58.0,HARTWELL,2,201904,MON,0,2,39.209409,1 - DAYLIGHT,-84.473548,6 - ANGLE,01 - DRY,HARTWELL,01 - PASSENGER CAR,1 - CLEAR,45216,2023-04-03,5:45:00.000,Mon,Waxing Gibbous Moon,Virgo,Mutable,Earth,Feminine,Digestive Track,Mercury,82, VINE ST.
930,43.0,SPRING GROVE VILLAGE,2,201904,MON,1,2,39.164568,1 - DAYLIGHT,-84.521153,"7 - SIDESWIPE, SAME DIRECTION",01 - DRY,SPRING GROVE VILLAGE,01 - PASSENGER CAR,1 - CLEAR,45232,2023-04-03,4:49:00.000,Mon,Waxing Gibbous Moon,Virgo,Mutable,Earth,Feminine,Digestive Track,Mercury,46, SPRING GROVE AV
931,24.0,SPRING GROVE VILLAGE,2,201904,MON,0,3,39.164608,1 - DAYLIGHT,-84.521603,"7 - SIDESWIPE, SAME DIRECTION",01 - DRY,SPRING GROVE VILLAGE,01 - PASSENGER CAR,1 - CLEAR,45232,2023-04-03,4:49:00.000,Mon,Waxing Gibbous Moon,Virgo,Mutable,Earth,Feminine,Digestive Track,Mercury,46, SPRING GROVE AV
932,57.0,CAMP WASHINGTON,3,201905,MON,0,3,39.150294,3 - DARK - LIGHTED ROADWAY,-84.539378,"7 - SIDESWIPE, SAME DIRECTION",02 - WET,CAMP WASHINGTON,01 - PASSENGER CAR,4 - RAIN,45219,2023-04-03,6:45:00.000,Mon,Waxing Gibbous Moon,Virgo,Mutable,Earth,Feminine,Digestive Track,Mercury,N I75 AT 4-1 MM,N I75 AT 4-1 MM
933,63.0,CAMP WASHINGTON,3,201905,MON,1,3,39.150884,3 - DARK - LIGHTED ROADWAY,-84.540018,"7 - SIDESWIPE, SAME DIRECTION",02 - WET,CAMP WASHINGTON,04 - PICK UP,4 - RAIN,45219,2023-04-03,6:45:00.000,Mon,Waxing Gibbous Moon,Virgo,Mutable,Earth,Feminine,Digestive Track,Mercury,N I75 AT 4-1 MM,N I75 AT 4-1 MM
934,24.0,SOUTH FAIRMOUNT,3,201905,TUE,1,3,39.123719,1 - DAYLIGHT,-84.549615,2 - REAR-END,01 - DRY,EAST PRICE HILL,01 - PASSENGER CAR,1 - CLEAR,45214,2023-04-18,7:35:00.000,Tue,Waning Crescent Moon,Aries,Cardinal,Fire,Masculine,Head,Mars,16, WESTWOOD AV
935,39.0,SOUTH FAIRMOUNT,3,201905,TUE,0,3,39.124839,1 - DAYLIGHT,-84.549855,2 - REAR-END,01 - DRY,EAST PRICE HILL,03 - SPORT UTILITY VEHICLE,1 - CLEAR,45214,2023-04-18,7:35:00.000,Tue,Waning Crescent Moon,Aries,Cardinal,Fire,Masculine,Head,Mars,16, WESTWOOD AV
936,34.0,MOUNT AIRY,3,201905,TUE,0,3,39.172321,3 - DARK - LIGHTED ROADWAY,-84.562151,1 - NOT COLLISION BETWEEN TWO MOTOR VEHICLES IN TRANSPORT,01 - DRY,MT. AIRY,03 - SPORT UTILITY VEHICLE,2 - CLOUDY,45223,2023-04-18,2:46:00.000,Tue,Waning Crescent Moon,Aries,Cardinal,Fire,Masculine,Head,Mars,47, COLERAIN AV
937,34.0,MOUNT AIRY,3,201905,TUE,1,3,39.172431,3 - DARK - LIGHTED ROADWAY,-84.561941,1 - NOT COLLISION BETWEEN TWO MOTOR VEHICLES IN TRANSPORT,01 - DRY,MT. AIRY,03 - SPORT UTILITY VEHICLE,2 - CLOUDY,45223,2023-04-18,2:46:00.000,Tue,Waning Crescent Moon,Aries,Cardinal,Fire,Masculine,Head,Mars,47, COLERAIN AV
938,34.0,WESTWOOD,3,201905,TUE,1,3,39.134285,3 - DARK - LIGHTED ROADWAY,-84.605091,1 - NOT COLLISION BETWEEN TWO MOTOR VEHICLES IN TRANSPORT,01 - DRY,WESTWOOD,03 - SPORT UTILITY VEHICLE,1 - CLEAR,45238,2023-04-18,2:00:00.000,Tue,Waning Crescent Moon,Aries,Cardinal,Fire,Masculine,Head,Mars,28, BOUDINOT AV
939,21.0,WESTWOOD,3,201905,TUE,0,3,39.128021,3 - DARK - LIGHTED ROADWAY,-84.576981,"7 - SIDESWIPE, SAME DIRECTION",01 - DRY,WESTWOOD,04 - PICK UP,1 - CLEAR,45211,2023-04-18,1:15:00.000,Tue,Waning Crescent Moon,Aries,Cardinal,Fire,Masculine,Head,Mars,23, QUEEN CITY AV
940,34.0,WESTWOOD,3,201905,TUE,1,3,39.129631,3 - DARK - LIGHTED ROADWAY,-84.577071,"7 - SIDESWIPE, SAME DIRECTION",01 - DRY,WESTWOOD,04 - PICK UP,1 - CLEAR,45211,2023-04-18,1:15:00.000,Tue,Waning Crescent Moon,Aries,Cardinal,Fire,Masculine,Head,Mars,23, QUEEN CITY AV
941,72.0,WEST END,3,201905,MON,1,3,39.123256,1 - DAYLIGHT,-84.535603,6 - ANGLE,01 - DRY,QUEENSGATE,01 - PASSENGER CAR,1 - CLEAR,45202,2023-04-17,7:43:00.000,Mon,Waning Crescent Moon,Pisces,Mutable,Water,Feminine,Feet,Neptune,S I75 AT 2-5 MM,S I75 AT 2-5 MM
942,33.0,WEST END,3,201905,MON,0,3,39.125046,1 - DAYLIGHT,-84.535643,6 - ANGLE,01 - DRY,QUEENSGATE,01 - PASSENGER CAR,1 - CLEAR,45202,2023-04-17,7:43:00.000,Mon,Waning Crescent Moon,Pisces,Mutable,Water,Feminine,Feet,Neptune,S I75 AT 2-5 MM,S I75 AT 2-5 MM
943,34.0,CUF - HEIGHTS,2,201904,MON,1,3,39.128737,1 - DAYLIGHT,-84.512295,6 - ANGLE,01 - DRY,CUF,01 - PASSENGER CAR,1 - CLEAR,45219,2023-04-17,7:04:00.000,Mon,Waning Crescent Moon,Pisces,Mutable,Water,Feminine,Feet,Neptune,25, VINE ST
944,57.0,CUF - HEIGHTS,2,201904,MON,0,2,39.127347,1 - DAYLIGHT,-84.511695,6 - ANGLE,01 - DRY,CUF,01 - PASSENGER CAR,1 - CLEAR,45219,2023-04-17,7:04:00.000,Mon,Waning Crescent Moon,Pisces,Mutable,Water,Feminine,Feet,Neptune,25, VINE ST
945,34.0,OAKLEY,3,201905,MON,1,3,39.153637,1 - DAYLIGHT,-84.429992,6 - ANGLE,01 - DRY,OAKLEY,01 - PASSENGER CAR,1 - CLEAR,45209,2023-04-17,7:42:00.000,Mon,Waning Crescent Moon,Pisces,Mutable,Water,Feminine,Feet,Neptune,31, MADISON RD
946,25.0,OAKLEY,3,201905,MON,1,3,39.153937,1 - DAYLIGHT,-84.429212,6 - ANGLE,01 - DRY,OAKLEY,01 - PASSENGER CAR,1 - CLEAR,45209,2023-04-17,7:42:00.000,Mon,Waning Crescent Moon,Pisces,Mutable,Water,Feminine,Feet,Neptune,31, MADISON RD
947,39.0,MOUNT AUBURN,3,201905,MON,1,3,39.124901,1 - DAYLIGHT,-84.513861,"7 - SIDESWIPE, SAME DIRECTION",01 - DRY,CUF,06 - VAN (9-15 SEATS),1 - CLEAR,45219,2023-04-17,7:40:00.000,Mon,Waning Crescent Moon,Pisces,Mutable,Water,Feminine,Feet,Neptune,23, VINE ST
948,37.0,MOUNT AUBURN,3,201905,MON,1,3,39.126111,1 - DAYLIGHT,-84.514041,"7 - SIDESWIPE, SAME DIRECTION",01 - DRY,CUF,19 - BUS (16+ PASSENGERS),1 - CLEAR,45219,2023-04-17,7:40:00.000,Mon,Waning Crescent Moon,Pisces,Mutable,Water,Feminine,Feet,Neptune,23, VINE ST
949,38.0,NORTHSIDE,3,201905,MON,1,3,39.153661,1 - DAYLIGHT,-84.541886,"7 - SIDESWIPE, SAME DIRECTION",01 - DRY,CAMP WASHINGTON,03 - SPORT UTILITY VEHICLE,2 - CLOUDY,45223,2023-04-17,7:20:00.000,Mon,Waning Crescent Moon,Pisces,Mutable,Water,Feminine,Feet,Neptune,W I74 AT 19-6 MM,W I74 AT 19-6 MM
950,42.0,NORTHSIDE,3,201905,MON,1,3,39.153381,1 - DAYLIGHT,-84.541306,"7 - SIDESWIPE, SAME DIRECTION",01 - DRY,CAMP WASHINGTON,05 - CARGO VAN,2 - CLOUDY,45223,2023-04-17,7:20:00.000,Mon,Waning Crescent Moon,Pisces,Mutable,Water,Feminine,Feet,Neptune,W I74 AT 19-6 MM,W I74 AT 19-6 MM
951,23.0,CLIFTON,2,201904,SUN,0,2,39.148911,1 - DAYLIGHT,-84.511771,6 - ANGLE,01 - DRY,CLIFTON,03 - SPORT UTILITY VEHICLE,1 - CLEAR,45220,2023-04-16,7:45:00.000,Sun,Waning Crescent Moon,Pisces,Mutable,Water,Feminine,Feet,Neptune,1, WOOLPER AV
952,29.0,CLIFTON,2,201904,SUN,0,3,39.149051,1 - DAYLIGHT,-84.511961,6 - ANGLE,01 - DRY,CLIFTON,01 - PASSENGER CAR,1 - CLEAR,45220,2023-04-16,7:45:00.000,Sun,Waning Crescent Moon,Pisces,Mutable,Water,Feminine,Feet,Neptune,1, WOOLPER AV
953,45.0,WESTWOOD,3,201905,MON,0,3,39.133535,1 - DAYLIGHT,-84.600983,2 - REAR-END,01 - DRY,WESTWOOD,02 - PASSENGER VAN (MINIVAN),1 - CLEAR,45238,2023-04-17,5:55:00.000,Mon,Waning Crescent Moon,Pisces,Mutable,Water,Feminine,Feet,Neptune,25, FERGUSON RD
954,22.0,WESTWOOD,3,201905,MON,1,3,39.133165,1 - DAYLIGHT,-84.600463,2 - REAR-END,01 - DRY,WESTWOOD,01 - PASSENGER CAR,1 - CLEAR,45238,2023-04-17,5:55:00.000,Mon,Waning Crescent Moon,Pisces,Mutable,Water,Feminine,Feet,Neptune,25, FERGUSON RD
955,20.0,WESTWOOD,3,201905,MON,0,3,39.132235,1 - DAYLIGHT,-84.601043,2 - REAR-END,01 - DRY,WESTWOOD,01 - PASSENGER CAR,1 - CLEAR,45238,2023-04-17,5:55:00.000,Mon,Waning Crescent Moon,Pisces,Mutable,Water,Feminine,Feet,Neptune,25, FERGUSON RD
956,19.0,MOUNT AUBURN,3,201905,MON,1,3,39.115525,1 - DAYLIGHT,-84.510827,2 - REAR-END,01 - DRY,MT. AUBURN,01 - PASSENGER CAR,1 - CLEAR,45202,2023-04-17,5:50:00.000,Mon,Waning Crescent Moon,Pisces,Mutable,Water,Feminine,Feet,Neptune,3, MULBERRY ST
957,53.0,MOUNT AUBURN,3,201905,MON,0,3,39.114725,1 - DAYLIGHT,-84.510637,2 - REAR-END,01 - DRY,MT. AUBURN,01 - PASSENGER CAR,1 - CLEAR,45202,2023-04-17,5:50:00.000,Mon,Waning Crescent Moon,Pisces,Mutable,Water,Feminine,Feet,Neptune,3, MULBERRY ST
958,34.0,MOUNT AIRY,3,201905,FRI,1,3,39.178321,4 - DARK – ROADWAY NOT LIGHTED,-84.563001,1 - NOT COLLISION BETWEEN TWO MOTOR VEHICLES IN TRANSPORT,01 - DRY,MT. AIRY,99 - UNKNOWN OR HIT/SKIP,1 - CLEAR,45223,2023-04-14,9:10:00.000,Fri,Waning Crescent Moon,Aquarius,Fixed,Air,Masculine,Legs,Uranus,29, HIGHFOREST LN
959,19.0,CORRYVILLE,3,201905,MON,0,3,39.13067,1 - DAYLIGHT,-84.50643,6 - ANGLE,01 - DRY,CORRYVILLE,01 - PASSENGER CAR,1 - CLEAR,45219,2023-04-17,5:46:00.000,Mon,Waning Crescent Moon,Pisces,Mutable,Water,Feminine,Feet,Neptune,1, E CHARLTON ST
960,28.0,CORRYVILLE,3,201905,MON,0,3,39.13028,1 - DAYLIGHT,-84.50707,6 - ANGLE,01 - DRY,CORRYVILLE,01 - PASSENGER CAR,1 - CLEAR,45219,2023-04-17,5:46:00.000,Mon,Waning Crescent Moon,Pisces,Mutable,Water,Feminine,Feet,Neptune,1, E CHARLTON ST
961,32.0,WESTWOOD,3,201905,MON,1,3,39.137791,1 - DAYLIGHT,-84.605691,2 - REAR-END,01 - DRY,WESTWOOD,01 - PASSENGER CAR,1 - CLEAR,45238,2023-04-17,5:20:00.000,Mon,Waning Crescent Moon,Pisces,Mutable,Water,Feminine,Feet,Neptune,29, BOUDINOT AV
962,64.0,WESTWOOD,3,201905,MON,0,3,39.137721,1 - DAYLIGHT,-84.605621,2 - REAR-END,01 - DRY,WESTWOOD,01 - PASSENGER CAR,1 - CLEAR,45238,2023-04-17,5:20:00.000,Mon,Waning Crescent Moon,Pisces,Mutable,Water,Feminine,Feet,Neptune,29, BOUDINOT AV
963,34.0,CUF,3,201905,MON,1,3,39.139815,1 - DAYLIGHT,-84.526628,"7 - SIDESWIPE, SAME DIRECTION",01 - DRY,CUF,03 - SPORT UTILITY VEHICLE,1 - CLEAR,45220,2023-04-17,4:20:00.000,Mon,Waning Crescent Moon,Pisces,Mutable,Water,Feminine,Feet,Neptune,5, W KING DR
964,38.0,CUF,3,201905,MON,1,3,39.139675,1 - DAYLIGHT,-84.527028,"7 - SIDESWIPE, SAME DIRECTION",01 - DRY,CUF,03 - SPORT UTILITY VEHICLE,1 - CLEAR,45220,2023-04-17,4:20:00.000,Mon,Waning Crescent Moon,Pisces,Mutable,Water,Feminine,Feet,Neptune,5, W KING DR
965,63.0,CORRYVILLE,3,201905,MON,0,3,39.134246,1 - DAYLIGHT,-84.511472,6 - ANGLE,01 - DRY,CORRYVILLE,01 - PASSENGER CAR,1 - CLEAR,45219,2023-04-17,4:35:00.000,Mon,Waning Crescent Moon,Pisces,Mutable,Water,Feminine,Feet,Neptune,29, JEFFERSON AV
966,20.0,CORRYVILLE,3,201905,MON,1,3,39.132846,1 - DAYLIGHT,-84.509512,6 - ANGLE,01 - DRY,CORRYVILLE,01 - PASSENGER CAR,1 - CLEAR,45219,2023-04-17,4:35:00.000,Mon,Waning Crescent Moon,Pisces,Mutable,Water,Feminine,Feet,Neptune,29, JEFFERSON AV
967,54.0,SPRING GROVE VILLAGE,3,201905,MON,1,3,39.164208,1 - DAYLIGHT,-84.519381,"7 - SIDESWIPE, SAME DIRECTION",01 - DRY,SPRING GROVE VILLAGE,19 - BUS (16+ PASSENGERS),2 - CLOUDY,45232,2023-04-17,4:08:48.000,Mon,Waning Crescent Moon,Pisces,Mutable,Water,Feminine,Feet,Neptune,46, SPRING GROVE AV
968,24.0,SPRING GROVE VILLAGE,3,201905,MON,0,3,39.165338,1 - DAYLIGHT,-84.518661,"7 - SIDESWIPE, SAME DIRECTION",01 - DRY,SPRING GROVE VILLAGE,01 - PASSENGER CAR,2 - CLOUDY,45232,2023-04-17,4:08:48.000,Mon,Waning Crescent Moon,Pisces,Mutable,Water,Feminine,Feet,Neptune,46, SPRING GROVE AV
969,19.0,SPRING GROVE VILLAGE,3,201905,MON,1,3,39.165338,1 - DAYLIGHT,-84.518961,"7 - SIDESWIPE, SAME DIRECTION",01 - DRY,SPRING GROVE VILLAGE,01 - PASSENGER CAR,2 - CLOUDY,45232,2023-04-17,4:08:48.000,Mon,Waning Crescent Moon,Pisces,Mutable,Water,Feminine,Feet,Neptune,46, SPRING GROVE AV
970,18.0,WEST PRICE HILL,3,201905,MON,0,3,39.127831,1 - DAYLIGHT,-84.606401,2 - REAR-END,01 - DRY,WEST PRICE HILL,01 - PASSENGER CAR,2 - CLOUDY,45238,2023-04-17,3:48:00.000,Mon,Waning Crescent Moon,Pisces,Mutable,Water,Feminine,Feet,Neptune,53, GLENWAY AV
971,29.0,WEST PRICE HILL,3,201905,MON,1,3,39.126441,1 - DAYLIGHT,-84.606131,2 - REAR-END,01 - DRY,WEST PRICE HILL,04 - PICK UP,2 - CLOUDY,45238,2023-04-17,3:48:00.000,Mon,Waning Crescent Moon,Pisces,Mutable,Water,Feminine,Feet,Neptune,53, GLENWAY AV
972,14.0,SOUTH FAIRMOUNT,2,201904,MON,0,2,39.125401,1 - DAYLIGHT,-84.552901,6 - ANGLE,01 - DRY,SOUTH FAIRMOUNT,01 - PASSENGER CAR,1 - CLEAR,45214,2023-04-17,3:45:00.000,Mon,Waning Crescent Moon,Pisces,Mutable,Water,Feminine,Feet,Neptune,16, WESTWOOD AV
973,21.0,SOUTH FAIRMOUNT,2,201904,MON,1,2,39.124831,1 - DAYLIGHT,-84.553451,6 - ANGLE,01 - DRY,SOUTH FAIRMOUNT,01 - PASSENGER CAR,1 - CLEAR,45214,2023-04-17,3:45:00.000,Mon,Waning Crescent Moon,Pisces,Mutable,Water,Feminine,Feet,Neptune,16, WESTWOOD AV
974,0.0,SOUTH FAIRMOUNT,2,201904,MON,1,2,39.125761,1 - DAYLIGHT,-84.553451,6 - ANGLE,01 - DRY,SOUTH FAIRMOUNT,01 - PASSENGER CAR,1 - CLEAR,45214,2023-04-17,3:45:00.000,Mon,Waning Crescent Moon,Pisces,Mutable,Water,Feminine,Feet,Neptune,16, WESTWOOD AV
975,64.0,SOUTH FAIRMOUNT,2,201904,MON,1,2,39.124751,1 - DAYLIGHT,-84.552521,6 - ANGLE,01 - DRY,SOUTH FAIRMOUNT,01 - PASSENGER CAR,1 - CLEAR,45214,2023-04-17,3:45:00.000,Mon,Waning Crescent Moon,Pisces,Mutable,Water,Feminine,Feet,Neptune,16, WESTWOOD AV
976,73.0,OAKLEY,3,201905,MON,0,3,39.159721,1 - DAYLIGHT,-84.421206,2 - REAR-END,01 - DRY,OAKLEY,01 - PASSENGER CAR,2 - CLOUDY,45209,2023-04-17,2:33:00.000,Mon,Waning Crescent Moon,Pisces,Mutable,Water,Feminine,Feet,Neptune,46, RIDGE AV
977,50.0,OAKLEY,3,201905,MON,1,3,39.160171,1 - DAYLIGHT,-84.420826,2 - REAR-END,01 - DRY,OAKLEY,01 - PASSENGER CAR,2 - CLOUDY,45209,2023-04-17,2:33:00.000,Mon,Waning Crescent Moon,Pisces,Mutable,Water,Feminine,Feet,Neptune,46, RIDGE AV
978,31.0,BOND HILL,3,201905,MON,1,3,39.183521,1 - DAYLIGHT,-84.460406,"8 - SIDESWIPE, OPPOSITE DIRECTION",01 - DRY,BOND HILL,14 - SINGLE UNIT TRUCK,2 - CLOUDY,45216,2023-04-17,1:50:00.000,Mon,Waning Crescent Moon,Pisces,Mutable,Water,Feminine,Feet,Neptune,20, E SEYMOUR AV
979,80.0,BOND HILL,3,201905,MON,0,3,39.184431,1 - DAYLIGHT,-84.461136,"8 - SIDESWIPE, OPPOSITE DIRECTION",01 - DRY,BOND HILL,01 - PASSENGER CAR,2 - CLOUDY,45216,2023-04-17,1:50:00.000,Mon,Waning Crescent Moon,Pisces,Mutable,Water,Feminine,Feet,Neptune,20, E SEYMOUR AV
980,63.0,BOND HILL,3,201905,MON,0,3,39.173644,1 - DAYLIGHT,-84.463257,"8 - SIDESWIPE, OPPOSITE DIRECTION",01 - DRY,BOND HILL,03 - SPORT UTILITY VEHICLE,2 - CLOUDY,45237,2023-04-17,1:00:00.000,Mon,Waning Crescent Moon,Pisces,Mutable,Water,Feminine,Feet,Neptune,19, ANDINA AV
981,63.0,BOND HILL,3,201905,MON,0,3,39.173774,1 - DAYLIGHT,-84.463917,"8 - SIDESWIPE, OPPOSITE DIRECTION",01 - DRY,BOND HILL,03 - SPORT UTILITY VEHICLE,2 - CLOUDY,45237,2023-04-17,1:00:00.000,Mon,Waning Crescent Moon,Pisces,Mutable,Water,Feminine,Feet,Neptune,19, ANDINA AV
982,45.0,CORRYVILLE - HEIGHTS,3,201905,MON,0,3,39.136523,1 - DAYLIGHT,-84.514615,1 - NOT COLLISION BETWEEN TWO MOTOR VEHICLES IN TRANSPORT,01 - DRY,CUF,04 - PICK UP,2 - CLOUDY,45220,2023-04-17,0:06:00.000,Mon,Waning Crescent Moon,Pisces,Mutable,Water,Feminine,Feet,Neptune,2, W MARTIN LUTHER KING DR
983,34.0,CORRYVILLE - HEIGHTS,3,201905,MON,1,3,39.135763,1 - DAYLIGHT,-84.514525,1 - NOT COLLISION BETWEEN TWO MOTOR VEHICLES IN TRANSPORT,01 - DRY,CUF,14 - SINGLE UNIT TRUCK,2 - CLOUDY,45220,2023-04-17,0:06:00.000,Mon,Waning Crescent Moon,Pisces,Mutable,Water,Feminine,Feet,Neptune,2, W MARTIN LUTHER KING DR
984,68.0,BOND HILL,3,201905,MON,1,3,39.184431,1 - DAYLIGHT,-84.484553,"7 - SIDESWIPE, SAME DIRECTION",01 - DRY,BOND HILL,04 - PICK UP,2 - CLOUDY,45237,2023-04-17,9:22:00.000,Mon,Waning Crescent Moon,Pisces,Mutable,Water,Feminine,Feet,Neptune,S I75 AT 8-5 MM,S I75 AT 8-5 MM
985,34.0,BOND HILL,3,201905,MON,1,3,39.183601,1 - DAYLIGHT,-84.483603,"7 - SIDESWIPE, SAME DIRECTION",01 - DRY,BOND HILL,04 - PICK UP,2 - CLOUDY,45237,2023-04-17,9:22:00.000,Mon,Waning Crescent Moon,Pisces,Mutable,Water,Feminine,Feet,Neptune,S I75 AT 8-5 MM,S I75 AT 8-5 MM
986,20.0,SEDAMSVILLE,3,201905,MON,1,3,39.087542,1 - DAYLIGHT,-84.566265,2 - REAR-END,01 - DRY,RIVERSIDE,01 - PASSENGER CAR,1 - CLEAR,45204,2023-04-17,9:15:00.000,Mon,Waning Crescent Moon,Pisces,Mutable,Water,Feminine,Feet,Neptune,29, RIVER RD
987,29.0,SEDAMSVILLE,3,201905,MON,1,3,39.088272,1 - DAYLIGHT,-84.565785,2 - REAR-END,01 - DRY,RIVERSIDE,01 - PASSENGER CAR,1 - CLEAR,45204,2023-04-17,9:15:00.000,Mon,Waning Crescent Moon,Pisces,Mutable,Water,Feminine,Feet,Neptune,29, RIVER RD
988,45.0,BOND HILL,3,201905,MON,1,3,39.191861,1 - DAYLIGHT,-84.474815,6 - ANGLE,01 - DRY,ROSELAWN,03 - SPORT UTILITY VEHICLE,2 - CLOUDY,45216,2023-04-17,9:15:00.000,Mon,Waning Crescent Moon,Pisces,Mutable,Water,Feminine,Feet,Neptune,74, PADDOCK RD
989,32.0,BOND HILL,3,201905,MON,1,3,39.191711,1 - DAYLIGHT,-84.476055,6 - ANGLE,01 - DRY,ROSELAWN,01 - PASSENGER CAR,2 - CLOUDY,45216,2023-04-17,9:15:00.000,Mon,Waning Crescent Moon,Pisces,Mutable,Water,Feminine,Feet,Neptune,74, PADDOCK RD